Fr.,23.03.12,,,,,5,,,8,,,,,,,,,,,,,21,,,,,,,,,,,,,,,,37,,,,,,,,,46,,,,,,,,,,,6,,8,,,,
Fr.,30.03.12,,,,,5,,7,,,,,12,,,,,,,19,,,,,,,26,,,,,,,,,,,,,,,,,,,,,,,,,,1,,,,5,,,,,,,
Fr.,06.04.12,,,,,,,7,8,,,,,,,,,,,,,,,,,,,,,,,,,,34,,36,,38,,,,,,,,,,,,,,,,,4,5,,,,,,,
Fr.,13.04.12,,,,,5,,,,,,11,12,,,,,,,,,,,,,,,27,,,,,32,,,,,,,,,,,,,,,,,,,,1,,3,,,,,,,,,
Fr.,20.04.12,,,,,,,,,,10,,,,,,16,,,,,,,,,,,,,,30,,,,,,,,,,,41,,,,45,,,,,,,,2,,,,,,8,,,,
Fr.,27.04.12,,,,,,,,,,10,,,13,,,,,,19,,,,,,,,,,,,,,,,,,,,,40,,,,,45,,,,,,,,,3,,5,,,,,,,
Fr.,04.05.12,,,,,,,,,,,,,,,,,,,,,,,,,,,,,29,30,,,,,35,,,,,,41,,,,45,,,,,,,,,3,,5,,,,,,,
Fr.,11.05.12,,,,,,,,,,,,,,,15,,,,,,21,,,,,,,,,,,,,,,,,38,39,,,,,,,,47,,,,,1,,,,5,,,,,,,
Fr.,18.05.12,,,,,,,,,,,,12,,,,,,18,,,,,,,,,,,,,,,,,,,,,,,,,43,44,,46,,,,,,,,,4,5,,,,,,,
Fr.,25.05.12,,,,4,,,,,,,11,,,,,,,,,,,,,,,26,,,,,,32,,,,,,,,,41,,,,,,,,,,,,,,,5,,7,,,,,
Fr.,01.06.12,,,,,,,,,,,11,,,,,,,,,,,,,,,,,28,,,,,,34,,,37,38,,,,,,,,,,,,,,,,3,,,,7,,,,,
Fr.,08.06.12,,,,,,,,,,10,,,,,15,16,,,,,,,,,,,,,,,,,,,,36,,,,,,,,44,,,,,,,,,,,,,,7,8,,,,
Fr.,15.06.12,,,,,,6,,,,10,,,,,,,17,18,,,,,,,,,,,,,,,,,,,,,,,,42,,,,,,,,,,1,,3,,,,,,,,,
Fr.,22.06.12,,,,,,,,,,,,,13,14,,16,,,,,,,,,,,,,,,,,,,,,,,,,,,,,,,47,,49,,,1,,,,,,7,,,,,
Fr.,29.06.12,,,,,5,,,8,,,,,,,,,,,19,,,,,,,,,,,,,,33,,,36,,,,,,,,,,,,,,,,,2,3,,,,,,,,,
Fr.,06.07.12,,,,,,,,,,10,,,,,,,,,,,,22,,24,,,,,,,,,33,,,,,38,,,,,,,,,,,,,,,2,,,,6,,,,,,
Fr.,13.07.12,,,,,,,,8,,,,12,,,,,,,,,,,,,,,27,,,,31,,,,,,37,,,,,,,,,,,,,,,,,3,,,6,,,,,,
Fr.,20.07.12,,,,,,6,,,9,,,,13,14,,,,,,,,,,,25,,,,,,,,,,,,,,,,,,,,,,,,,,,1,,,,,,,8,,,,
Fr.,27.07.12,,,,,,,,,9,,,,,,,,,,,,,22,23,,,,,,,,,,,34,35,,,,,,,,,,,,,,,,,1,,3,,,,,,,,,
Fr.,03.08.12,,,,,,,,,,,,12,,,15,,,18,,,,,,24,25,,,,,,,,,,,,,,,,,,,,,,,,,,,,,,4,5,,,,,,,
Fr.,10.08.12,,,,,,6,,,,,11,,,,,,,,,,,,,,,,,,,,,,,,,,,,,40,,,,,,46,,48,,,,,,3,,,6,,,,,,
Fr.,17.08.12,,,3,,,,,,,,,,,,,16,,,,,,,,,,,,,,30,,,,34,35,,,,,,,,,,,,,,,,,,2,,,5,,,,,,,
Fr.,24.08.12,,,,,,,,,9,,,,,,,,,,,20,21,,,,,,,,,,,,33,,,,,,,,,,,,,,,,49,,,,,,,5,,7,,,,,
Fr.,31.08.12,,,,,,,,8,,,,,,,,,,,,,,22,,,,,,28,,,,,,,,,,,,40,,42,,,,,,,,,,,,,4,,,,8,,,,
Fr.,07.09.12,,,,,,,,,,,,,,,15,,,,,,,,23,,25,,,,,,,,,,,,,,,,,,,,,46,,,49,,,,2,,4,,,,,,,,
Fr.,14.09.12,,,,,,,,,,10,,,,14,15,,,,,,,,,24,,,,,,,,,,,,,,,,,,,,,,,47,,,,,,,,4,,,,8,,,,
Fr.,21.09.12,,,,,,,,,,,,,,,,,,18,,,,,,,,,,,29,,,,,,,,,,,,41,,,44,,,,,49,,,1,,,,5,,,,,,,
Fr.,28.09.12,,,,,5,,,,,,,,,14,,16,,,,,,,,,,,,,,,,,,34,,,,,39,,,,,,,,,,,,,1,,,,,6,,,,,,
Fr.,05.10.12,,,,,,,,,,,,,,,,,,,,,,,,,,26,,28,,,,,,,,,,,,40,,,,,,,,,49,50,,,2,,,,,7,,,,,
Fr.,12.10.12,,,,,,6,,,,,11,,,,,,17,,,,,,,,,,,,,,,,,,,,,,,,,,43,,,,,,49,,,,,,4,,,,8,,,,
Fr.,19.10.12,,,,,,6,,,,,,,,14,,,,18,19,,,,,,,,,,,,,,,,,,,,,,,,,,,,,48,,,,,,3,,,,,8,,,,
Fr.,26.10.12,,,,,,,7,,,,,,,,,,17,18,19,,,22,,,,,,,,,,,,,,,,,,,,,,,,,,,,,,,,,4,5,,,,,,,
Fr.,02.11.12,,,3,,5,,7,,,,,12,,,,,,,,,,,,,,,,,,,31,,,,,,,,,,,,,,,,,,,,,,,,,5,,7,,,,,
Fr.,09.11.12,,,,,,,,,,,,,,,,,,,,,,,,,25,,,,29,,,,,,,,,38,,,41,,,44,,,,,,,,,,3,,,,,8,,,,
Fr.,16.11.12,1,,,4,,,7,,,,,,,,,,,,,,21,,,,,26,,,,,,,,,,,,,,,,,,,,,,,,,,,,,4,,,7,,,,,
Fr.,23.11.12,1,,,,,,,,,,,,,,,,,,,,21,,,,,,,,,,,32,,,,36,,,,,,,,,,,,,,50,,,2,,,5,,,,,,,
Fr.,30.11.12,,2,,,,,,,,,,,13,,,,,,,,21,,,24,,,,,,,,,,,,,37,,,,,,,,,,,,,,,,,,,,6,7,,,,,
Fr.,07.12.12,,,,,,,,,,,,,13,,,,,,,20,,22,,,,,27,,,,,,,,,,,,,,,42,,,,,,,,,,,,3,,5,,,,,,,
Fr.,14.12.12,,,,,,,,,,,,,,,,,17,,,,,,,,,,,28,,,31,,,,35,,,,39,,,,,,,,,,,,,,,,,5,,,8,,,,
Fr.,21.12.12,,,,,,,,,,,11,,,,,,,,,20,,,,24,25,,,,,,,,,,35,,,,,,,,,,,,,,,,,,,,4,,,,8,,,,
Fr.,28.12.12,,,,,5,,,8,,,,,,,,,,,,,,22,,,,,,,,,,32,,,,,,,39,,,,,,,,,,,,,,,,,,,7,8,,,,
Fr.,04.01.13,,,,,,6,,,,,,,,,,,,,,20,,,,,,,,,29,,,,,,,,,,,40,,,,,45,,,,,,,,,,,5,,,8,,,,
Fr.,11.01.13,,,,,,6,,,,,,,,,,,,,,,,,,,,,,,,,31,,,,,,37,,,,41,,,,,,,,49,,,,2,3,,,,,,,,,
Fr.,18.01.13,,,,,,,,,9,,,,13,,,,,,,,21,,,,,,,28,,,,,,,,,,,,,,,,,45,,,,,,,,,,,,6,7,,,,,
Fr.,25.01.13,,,,4,,,,,,,,,13,,,,,,,,,,,,,,,28,,,,,,,,,37,38,,,,,,,,,,,,,,,,,,,,7,8,,,,
Fr.,01.02.13,,2,,4,,,,,,,,,,14,,,,,,,,,,,,26,,,29,,,,,,,,,,,,,,,,,,,,,,,,,,,,6,7,,,,,
Fr.,08.02.13,,,,,,,,,,,,12,,14,,,17,,,,,,,,,,27,,,,,,,,,,,,,,,,43,,,,,,,,,1,,,,,,7,,,,,
Fr.,15.02.13,,,,4,,,,,9,,,,,,,,,,,,,,,,,26,,,,,,32,,,,,,,,40,,,,,,,,,,,,,,3,,5,,,,,,,
Fr.,22.02.13,,,3,,,,,,,,,,13,,,,,,,,,,,,,,,,,,,,,,,,,,,,41,,,,,46,,,49,,,,,3,,,,,8,,,,
Fr.,01.03.13,,,,,,,,,,,,,,,,,,,19,,,,,,,,,28,29,,,,,34,,,,,,,,,,44,,,,,,,,1,,,,5,,,,,,,
Fr.,08.03.13,,,,,,,,,,10,,12,,14,,,,,,,,,,,,,,,,30,,,,,,,,,,,,,43,,,,,,,,,,2,,,5,,,,,,,
Fr.,15.03.13,,,,4,,,,,,,,,,,,,,,,,,,,,,,,,,30,,32,,,,,,,,,41,,,,,,,,,50,,,,,,5,,7,,,,,
Fr.,22.03.13,,,,,5,,,,,,,12,,,,,,,,,21,,,,,,,,,,,,,,,,,,,,,,43,,,,,48,,,,,,,,5,6,,,,,,
Fr.,29.03.13,1,,,,,,,,,,,,,,,,,,,,,22,,,,,27,,,,,,,,,,37,,,,,,,,,,,,,50,,,,,,5,,7,,,,,
Fr.,05.04.13,,,,,,,,,,,,,,,,,,,,,,22,,,,,,,,,31,,,,,,37,38,,,41,,,,,,,,,,,,2,,,,6,,,,,,
Fr.,12.04.13,,,,,,,,8,,,,,,,,,,,19,,,22,,,,,,,,,,32,,,,,,,,40,,,,,,,,,,,,1,,,,,,,8,,,,
Fr.,19.04.13,,,,,,,,,,,,,,,,,17,18,,,,22,,24,25,,,,,,,,,,,,,,,,,,,,,,,,,,,1,,,,,6,,,,,,
Fr.,26.04.13,,,,,,,,,,,11,,,14,,,,,19,,,,23,,,,,,,,,,,,,,,,,,,,,,,,,,49,,,,,,4,5,,,,,,,
Fr.,03.05.13,,,,,,,,,,,,,,14,,16,,,,,,,,,,,,28,,,,,,,,,,,,,,,,44,,,,48,,,,,,3,,,,7,,,,,
Fr.,10.05.13,,,,,,6,,,9,,,,,,,,,,,,,,,,,,,,,,31,,33,,35,,,,,,,,,,,,,,,,,1,,,,,,7,,,,,
Fr.,17.05.13,,,,4,,6,,,,10,,,13,,,,,,,,,,,,,,,,,,,32,,,,,,,,,,,,,,,,,,,,1,,,,,,,8,,,,
Fr.,24.05.13,,2,,4,,,,,9,,,,,,,,,,,20,,,,,,,,,,,,,,,,,,,,,41,,,,,,,,,,,,,3,,5,,,,,,,
Fr.,31.05.13,,,,,5,,,,9,,,12,,,,,,,,,,,23,,,,,,,,,,,,,,,,,40,,,,,,,,,,,,,2,,,,,7,,,,,
Fr.,07.06.13,,,,,,6,,,9,,11,,,,,,,,,,,,,,,,,,29,,,,,,35,,,,,,,,,,,,,,,,,,2,,,,6,,,,,,
Fr.,14.06.13,1,,,,,,,,,,,,,,,,,,,,,,,,25,,,,,,,,,,,,,,,,,,,,,46,47,48,,,,,,3,,,,,8,,,,
Fr.,21.06.13,,,,,5,,,,,,,,,14,,,,,,,21,,23,,,,,,,,,,,,,,,,,,,,,,,,,,,50,,,2,,,,,7,,,,,
Fr.,28.06.13,,,,,,6,,8,,,,,,,,,,,,,,,23,,,,,,,,,,33,,,,,,,,,,,,,,,,49,,,,,3,,,,,8,,,,
Fr.,05.07.13,,,,,,,,,,,,,,,15,16,17,,19,,,,,,,,,,,,,,,,,,,,,,,,,,,,,,,50,,,,,,5,,7,,,,,
Fr.,12.07.13,,,,,,,7,,,,,,,,,,,,,,,,,,,,27,,,,,,33,,,,,,,,,,,,,,47,48,,,,,2,,,,,7,,,,,
Fr.,19.07.13,,,,,,,7,,,,,,,,,,,18,19,,,,,,,,,,,,,,33,,,,37,,,,,,,,,,,,,,,,2,,,5,,,,,,,
Fr.,26.07.13,,,,4,,,,,,,,,13,,,,,,19,,,,,,25,,,,,,,,,,,,,,,,,,43,,,,,,,,,,,3,4,,,,,,,,
Fr.,02.08.13,,,,,,,,,,,,,,14,,,,,,,,,23,,,,,,29,,,,33,,,,37,,,,,,,,,,,,,,,,2,,,5,,,,,,,
Fr.,09.08.13,,,,,,,7,,,,,,,,,,,,,,,,,,,26,,,,,,32,,34,,,,,,,,,,,,,,,49,,,1,,,,,6,,,,,,
Fr.,16.08.13,,,,,5,,,,,,,,,,,,,,,,,,,,,,,,,,,32,33,,,,,38,,,,,,,,,,,49,,,,,3,,,,,8,,,,
Fr.,23.08.13,,,,4,,,,,,10,,,,,,,,,,,,,,,25,,,,,30,,,,,,,,,,,,,,,,,47,,,,,,2,3,,,,,,,,,
Fr.,30.08.13,,,,,,6,,,9,10,,,,,,,17,,,,,,,,,,,,,,,,,,,,,,,,,,43,,,,,,,,,,2,,,,,,8,,,,
Fr.,06.09.13,,,3,,,,7,,,,,,,,,,,,,20,,,,,,,,,,,,32,,,,,,,,,,,,44,,,,,,,,,,,4,5,,,,,,,
Fr.,13.09.13,,,3,,,,,,,10,,,,,,,,18,,,,,,,,,,,,,31,,,,,,,,,,,,43,,,,,,,,,1,,,,,,7,,,,,
Fr.,20.09.13,,2,,,,6,,,,,,,,,15,,,18,,,,,,24,,,,,,,,,,,,,,,,,,,,,,,,,,,,,,,,5,,7,,,,,
Fr.,27.09.13,,,,,,6,,,,10,,,,,,,,,,,21,,,,,,,,,,,,,34,,36,,,,,,,,,,,,,,,,1,,,4,,,,,,,,
Fr.,04.10.13,1,,,,,,7,,,,,,,,,16,,,,,21,,,,,,,,,,,,,,,,,,,,,,,,,,,48,,,,1,,,,,,,8,,,,
Fr.,11.10.13,,2,,,,,,,,,11,,,,,,,,,,,,23,,,,,,29,,,,,34,,,,,,,,,,,,,,,,,,,,,,,,7,8,,,,
Fr.,18.10.13,,,,,,,7,,,,,,,,,,,,,,,22,,24,25,,,,,,,,,,,,,,,,41,,,,,,,,,,,1,,3,,,,,,,,,
Fr.,25.10.13,,,,,,,,,9,,,,,,,,,,,,,,,,25,,,,,,,,,,,,,,39,,41,,,,,46,,,,,,,2,,,,,,8,,,,
Fr.,01.11.13,,,,,,,7,,,10,,,13,,,,,,,,,,,,,26,27,,,,,,,,,,,,,,,,,,,,,,,,,,,,,5,,,8,,,,
Fr.,08.11.13,,,,,,,,,,,,,,,,,,18,,,,,,,25,,,28,,,,,,34,,,,,,,,42,,,,,,,,,,,,3,4,,,,,,,,
Fr.,15.11.13,,,3,,,,,,,,,,,,,,,,19,,,,,,,,,,,,,32,,,,,,,,,,,43,,,,,48,,,,,,,4,,,,8,,,,
Fr.,22.11.13,1,,,,,,,,,,,,,,,,,,,,,,,,,,,,,,,,,,,,,38,39,,,42,,,,,47,,,,,1,2,,,,,,,,,,
Fr.,29.11.13,,,,,,,,,,,,,,,,,17,,,,,,,,25,,,,,,,32,,,35,,,,,,,,,,45,,,,,,,,,,4,,,7,,,,,
Fr.,06.12.13,1,,,,,,,8,,,,,,,,,,18,,,,,,,25,,,,,,,,,,,,,,,,,,,,,,47,,,,,,2,,,,,7,,,,,
Fr.,13.12.13,,,,,,,,,9,,,,,,,,,,19,,,,,24,,,,28,,,,,,,,,,,,,,,,,,,,,49,,,,2,,,,,,8,,,,
Fr.,20.12.13,,,,,,,,,9,,,12,,,,,,,,,,22,,,,,,,,,,,,,,,37,,,40,,,,,,,,,,,,,,,,,6,,8,,,,
Fr.,27.12.13,,2,,,,,,,,,,,,,15,,,,,,,,,,,,,,,,,,33,,,,,,,40,,,43,,,,,,,,,,,3,,,,7,,,,,
Fr.,03.01.14,1,,,,,,,,,,,,,,,16,,,,,,,,,,,,,,,,,,34,,36,37,,,,,,,,,,,,,,,,,,4,,6,,,,,,
Fr.,10.01.14,,,,,,,,8,,,,,,,,,,18,,,,22,,,,,,,,,,,33,,,,,,,40,,,,,,,,,,,,,2,,,,,,8,,,,
Fr.,17.01.14,,,,4,,,7,,,,,,,,,,17,,,,,,,,25,,,,29,,,,,,,,,,,,,,,,,,,,,,,,2,,4,,,,,,,,
Fr.,24.01.14,,,,4,,,,,,,,,,,,,,,,,,,,,,,,28,,30,,,,,,36,,,,,,,,,,46,,,,,,,,3,,,,7,,,,,
Fr.,31.01.14,,,,,,,,,,,,12,,,,,17,,,,,,,,,,,,29,,,,,,,,,,39,40,,,,,,,,,,,,,,,,5,6,,,,,,
Fr.,07.02.14,,,,,,,,,,,,,,,,16,,18,,20,,,,,,,,,,,,,,,,36,,,,,,,,,,,,,49,,,,,3,4,,,,,,,,
Fr.,14.02.14,,,,,,,,,,,,,,,,,,,19,,21,22,,,,,,28,,,,,,,,,,,,,,,,,45,,,,,,,,,,,,6,7,,,,,
Fr.,21.02.14,,2,,4,,,,,,,,,,,,,,,,,21,,,,,,,,,30,,,,,,,,,,,41,,,,,,,,,,,,,,,,,7,8,,,,
Fr.,28.02.14,,2,,,,,,,,,,,,,,,17,,,,21,22,,,,,,,,,,,,,,,,,,,,,,,45,,,,,,,1,,,,5,,,,,,,
Fr.,07.03.14,,,,,,,7,,,,,,,14,15,,,,,20,,,,,,,,,,,,,,,,,,,39,,,,,,,,,,,,,1,,,,,,,8,,,,
Fr.,14.03.14,,,,,,6,7,,9,,,,13,,,,,,,,,,,,,,,,,30,,,,,,,,,,,,,,,,,,,,,,,,,4,,,7,,,,,
Fr.,21.03.14,,,,,,,,8,,,,,,,,,,18,,,,,,,,,,,,,,,,,35,,,38,,,,42,,,,,,,,,,,,,4,,6,,,,,,
Fr.,28.03.14,,,,,,,,,,10,,,,,,,,,,,,,,,,,,,,,,32,,,35,,,38,,,,,,,45,,,,,,,,,,4,5,,,,,,,
Fr.,04.04.14,,,,,,,,,,10,,,,,,16,,,,,,,,,,,,28,,30,,,33,,,,,,,,,,,,,,,,,,,,,,4,,6,,,,,,
Fr.,11.04.14,1,,,,,,7,,,,,,,14,,,,,,,,22,,,,,,,,,,,,,,,,,,,,,,44,,,,,,,,1,2,,,,,,,,,,
Fr.,18.04.14,,,,,,,,,,,,12,,,,,,,,,,,,,,,,,,,,32,,,,,,,,40,,,,44,,,,,49,,,,2,3,,,,,,,,,
Fr.,25.04.14,,,,4,,,7,,,10,,,,,,,,,,,,,,,,,,,,,,,,,,,,,39,,,,,,,,,48,,,,,,3,4,,,,,,,,
Fr.,02.05.14,,,,,,,,,9,,,,,,,,,,,,,,,,,,,,,,31,32,33,34,,,,,,,,,,,,,,,,,,,,,,,6,,8,,,,
Fr.,09.05.14,1,,,,,,,,,,11,,,14,,,,,,,,22,,,,,,,,,,,,,,,,,,,,,43,,,,,,,,,,,3,4,,,,,,,,
Fr.,16.05.14,,,,,,,,,9,,,,,,,,,,,,,,,,,,,28,,,,,,,,36,,,,,,42,43,,,,,,,,,,2,,,,,,8,,,,
Fr.,23.05.14,,,,,,6,,,,,,,,,,,,,,,21,,,,,,,,,,,,33,,,,37,,,,,,,,,,47,,,,,,,,,,,7,8,,,,
Fr.,30.05.14,,,,,,,7,,,,,,,,,,17,,,,,,,,25,26,,,,,,,,,35,,,,,,,,,,,,,,,,,,,,4,,,7,,,,,
Fr.,06.06.14,,,,,,6,,,9,,,,,,,,,,19,,,,,,,,,,,,,,,,,,37,38,,,,,,,,,,,,,,,,,4,,,,8,,,,
Fr.,13.06.14,1,,,,,,,8,,,,,,,15,,,18,,,,,,,,,,,,,,,,,,,,,39,,,,,,,,,,,,,1,,,,,6,,,,,,
Fr.,20.06.14,,,,,,6,,,,10,,,,,,,,,,,,,23,,,,,,,,,,33,,,,,,,,41,,,,,,,,,,,,,,,,6,,8,,,,
Fr.,27.06.14,,,,,,,,,,,11,,,,,,,,,,,,,,,,,,,,,,33,,35,,,,,,,42,,44,,,,,,,,,,,4,,6,,,,,,
Fr.,04.07.14,,,3,,,,,,,10,11,,13,,,,,,,,,,,,,,,,,,,,,,,,,,,,,42,,,,,,,,,,1,,,,,,,8,,,,
Fr.,11.07.14,,,3,,,,,,,10,,,,,,16,,,,,,,,,,,,,,,,,,,35,,,,,,,,,,45,,,,,,,,,,4,,6,,,,,,
Fr.,18.07.14,,,,,,6,,,,,11,,,,15,,,18,,,,,,,,,,,,,,,,,,,,,,,,,,,45,,,,,,,,,,,5,,,8,,,,
Fr.,25.07.14,,,3,,,,,,,10,,,,,,,,,,,,,,,,,,,,,,,,,,36,,,,,,,43,,,,47,,,,,,2,,,5,,,,,,,
Fr.,01.08.14,,,,,5,,,,,,,,,,,,,18,,,,,,,,,,,,,,,33,,,,,38,,,,,,,,,47,,,,,,,3,,,6,,,,,,
Fr.,08.08.14,,,,,,,,,,,,,,,15,,,,19,,21,,,,,,,,,,,,,34,,,,,,40,,,,,,,,,,,,,,3,4,,,,,,,,
Fr.,15.08.14,,,,,,,,,,,,,,,,,17,,,,,,,,,,,,,,,,,,,,,38,,,41,,43,,,,47,,,,,,,,4,,6,,,,,,
Fr.,22.08.14,,,,,,,,,,,,,,,,,,,19,20,,,,,,,,,,,,,,,,,,,,40,,42,,,,,47,,,,,,2,,,,,,8,,,,
Fr.,29.08.14,1,,,,,,,8,9,,,12,,,,,,,,,,,,,,,,,,,,,,,,,37,,,,,,,,,,,,,,,,2,,,,6,,,,,,
Fr.,05.09.14,,,,,,,,,,,,,,,,,,,,,,,,,,26,,,,,31,,33,,,,,,39,40,,,,,,,,,,,,,,,,5,6,,,,,,
Fr.,12.09.14,,2,,,,,,,9,,,,,,,,17,,,,,,,,25,,,,29,,,,,,,,,,,,,,,,,,,,,,,,,3,,5,,,,,,,
Fr.,19.09.14,,,,,,,,,,,,,13,,,,,18,,20,,,,,,,,,,,,,,,,,,38,39,,,,,,,,,,,,,1,,,,,,,8,,,,
Fr.,26.09.14,,,,,,,,8,,,,,,,,,,,,,,,,,,26,,,,,,32,,,,,,,,,,,,44,,,,,,50,,,,,4,,,7,,,,,
Fr.,03.10.14,,,,,,,,8,,,,,,,15,,,,,,,,,,,,,,,,,,,34,,,,,,,,,,44,,,,,49,,,,,,4,,,,8,,,,
Fr.,10.10.14,,,,,,,,,,,11,,,,,,17,,,20,,22,,,,,,,29,,,,,,,,,,,,,,,,,,,,,,,,,,4,,6,,,,,,
Fr.,17.10.14,,,,,,,,,,,,,,14,,,,,,,,,,24,,,27,,,,,,,,35,,,,39,,,,,,,,,,,,,,,,,,,7,8,,,,
Fr.,24.10.14,,,3,,,,,,,,,,,,15,,,,,,,22,,,,26,,,,,,,,,,,37,,,,,,,,,,,,,,,,2,,4,,,,,,,,
Fr.,31.10.14,,,3,,,,7,,,,,,,,,,,,,,,,,,,,27,,,,,,,,,,,,,,,,43,,,46,,,,,,,,3,,,,,8,,,,
Fr.,07.11.14,,,,,5,,,,,,,,13,,,,,,,,,,,,25,,,,,,,,33,,35,,,,,,,,,,,,,,,,,,,,4,,,,8,,,,
Fr.,14.11.14,,,,,,,,,,,,,,,,,,,,,,22,,,25,,,,,,,,,,,,,,,,41,,,,45,,,,49,,,,2,,,5,,,,,,,
Fr.,21.11.14,,,,4,,,,,,,,,,,,,,18,,,,,,,,,,,,,,,,,35,,,,,,41,,43,,,,,,,,,,,,4,5,,,,,,,
Fr.,28.11.14,,,,,,6,,,,,,,,,,16,,18,,,,,,,,,,,29,,,,,,35,,,,,,,,,,,,,,,,,,,,,,6,,,9,,,
Fr.,05.12.14,,,,,,,,,,,11,,,,,,,,,,,,,,25,,,,,,,32,,,,,,,,,,42,,,,,47,,,,,,,,4,,,,,9,,,
Fr.,12.12.14,1,,,,,,,8,,,,,,,15,,,,19,,,,,,,,,,,,,,,,,,37,,,,,,,,,,,,,,,,,,,,,7,,9,,,
Fr.,19.12.14,,,,,,,,,,10,11,,,,,,,,,,,,,,25,,,,,,,32,,,,,,,,,,,,,,,,,49,,,,,,,5,,,,9,,,
Fr.,26.12.14,,2,,,,,,,,,,,,,,,,,,,21,,,,,,,,,30,,,,,,,,,39,,,,43,,,,,,,,,,,,,5,,7,,,,,
Fr.,02.01.15,,,,,,,,,,,,,,,,16,,,,,,,,,,,,,29,,,,,,,,,38,,,,42,,,,,,48,,,,,,,,5,6,,,,,,
Fr.,09.01.15,,,,,,,,,,,,,13,,,,,,19,20,,,,,,,27,,,,,,,,,,,,,,41,,,,,,,,,,,,,,,5,,,,9,,,
Fr.,16.01.15,1,,,4,,,,,,,,,,14,,,,,,,,,,,,,,,,,,32,,,,,,,,,,,,,,,,48,,,,,,,,5,6,,,,,,
Fr.,23.01.15,,2,,,,,,,,,,,13,14,,,,,,,,,,,,,,,,30,,32,,,,,,,,,,,,,,,,,,,,1,,3,,,,,,,,,
Fr.,30.01.15,,,3,4,,,,8,,,11,,,,,,,,,,,,,,,,,,,,,,,,,,,,,,41,,,,,,,,,,,,2,,,,,,8,,,,
Fr.,06.02.15,,,3,,,,,,,,,,,,,,,,19,,,22,,,,,,,,,,,,,,,37,,39,,,,,,,,,,,,,,,,,5,,,,,10,,
Fr.,13.02.15,,,3,,,,7,,,,,,,14,,,,,,,,,,,,,,,,,,,,,,,,,,,,,,,,46,,48,,,,,,,,,6,,,9,,,
Fr.,20.02.15,1,,,,,,,,,,,,,,,16,,18,,,,,,,,,,,29,,,,,,,,,,,,,,,44,,,,,,,,,2,,,,,7,,,,,
Fr.,27.02.15,,,,,,,,,9,,,,,,,,,,,,,,,,,,,28,,30,,,,,,,,,,,,,43,,,,,,49,,,,,,,,,,8,,10,,
Fr.,06.03.15,,,,,,,,,9,,,,,,,16,17,,,20,,,,,,,,,,,,32,,,,,,,,,,,,,,,,,,,,,2,3,,,,,,,,,
Fr.,13.03.15,1,,,,,,,,,10,,,,,,,,,,,,,,,25,,,,,,,,,,,,,,39,,,,,44,,,,,,,,1,2,,,,,,,,,,
Fr.,20.03.15,,,,,,,,,9,,11,,13,,,,,,,,,,,,,,,,,,,,,,35,,,38,,,,,,,,,,,,,,,,,,5,,7,,,,,
Fr.,27.03.15,,,3,,,,,,,,,,,,,,,,,,,,,,,26,,,,,31,,33,,,,,,,,,,,,,,,,,50,,,,3,,,,,,9,,,
Fr.,03.04.15,,,,,5,,,,,,,,,,,,,,,,,,,,,,,,,,,,,34,,,37,,,,,,43,,,,,48,,,,,2,,4,,,,,,,,
Fr.,10.04.15,1,,,,,,,,,,,,,,,,,18,,,,,,,,26,,,,,,,,,,,,,,40,,,,,,,47,,,,,,,3,4,,,,,,,,
Fr.,17.04.15,,,,,5,6,,,,,,,13,,,,,,,20,,,,,,,,,,,,,33,,,,,,,,,,,,,,,,,,,,,3,,,,,8,,,,
Fr.,24.04.15,,,,4,,,,,,,,,,,,,17,,,,,,,,,,27,,,,,,33,,,,,,,,,,,,,46,,,,,,,,3,,,,,,9,,,
Fr.,01.05.15,,,,,,,,8,,,,,,,,,,,,,,,,24,25,,,,,30,,,,,,,,,,,,,,,,,,,,50,,,,,4,,6,,,,,,
Fr.,08.05.15,,,,,,,,,,,,,,,,,,,19,,,,,,,,,,,,31,32,,,,,,,,40,,,,,,46,,,,,,,,,,,,,8,9,,,
Fr.,15.05.15,,,,,,,,,,,,12,,14,,,,18,,,,,,,,,,,,,,,,,,,,38,,,,,,,,46,,,,,,,,,,,,,,9,10,,
Fr.,22.05.15,,,,,,,,8,,,,,,,,,,,,,,,23,24,,,,,,,,,,,,,,,39,,,,,,,,,,,50,,1,,,,5,,,,,,,
Fr.,29.05.15,1,,,,,6,,,,,,,,,,16,,,,,,,,,,,,28,,,,,,,,,,38,,,,,,,,,,,,,,1,,,,,6,,,,,,
Fr.,05.06.15,,,,,,,,,,,,,,,,,,,19,,,,,,,,,,,,,,,,,,,38,,40,41,,,,,,,,,50,,1,,,,5,,,,,,,
Fr.,12.06.15,,,,,,,,,,,,,,,,,17,,,,,,23,,,,27,,,30,,,,,,,,,39,,,,,,,,,,,,,,,,,,6,,8,,,,
Fr.,19.06.15,,,,,,,,,,,,12,,14,,,,,,20,21,,,,,,,,,,,,,,,,,,39,,,,,,,,,,,,,,,,,5,,,,,10,,
Fr.,26.06.15,,,,,,,,,,,,,,14,,,,,,,,,,,,,27,28,,,,,,,35,,,,,,,,,,,,47,,,,,1,,,,,,,8,,,,
Fr.,03.07.15,1,,,,,,,,,,,,,,,,,,,,,,,,,,,,,,31,,,,,,,,,40,41,,,,45,,,,,,,,,,,5,,,,9,,,
Fr.,10.07.15,,,,,,,,,,,,12,,,,,,,,,,,,,,,,,,,,,,,35,36,,,39,,,,,,,,47,,,,,,,3,,,6,,,,,,
Fr.,17.07.15,,,,,,6,,,,,,,,,,,,,,,21,,,,,,,,,30,,,,,,,37,,,,,,,44,,,,,,,,1,,3,,,,,,,,,
Fr.,24.07.15,,,,,,6,,,,,,12,,,15,,,,,20,,,,,,,,,,30,,,,,,,,,,,,,,,,,,,,,,,,3,,,6,,,,,,
Fr.,31.07.15,,,,,,,,,,,11,,,,,,,,19,,,,,24,,,,,,,,,,,,,,,,,,,,,,46,,,49,,,1,,,,5,,,,,,,
Fr.,07.08.15,1,,,,,,,,9,,,,,,15,,,,,,,22,,,,,,,,,,,,,,,,,,,,,,,,,,,49,,,,,,4,,,7,,,,,
Fr.,14.08.15,1,,,,,,7,,,,,,,,,,,,,,,,,,,,27,28,,,,,,,,,,,,,41,,,,,,,,,,,,2,,,,6,,,,,,
Fr.,21.08.15,,,,,,,,,,,,,13,,,,,,,20,,,,,,,,,,,,,,,,,,,39,40,,42,,,,,,,,,,,,3,,,,,,9,,,
Fr.,28.08.15,,,,,5,,,8,,,,,,,,,,,,,,,,,,,,,,,,,33,34,,,,,,,,,,,,46,,,,,,,,3,,,,,8,,,,
Fr.,04.09.15,,,,,,,,,,,,12,,,,,,,,,,,23,,,,,,,,,,,,,,37,,,,41,,,,,46,,,,,,,,3,,,,7,,,,,
Fr.,11.09.15,,,,,,,7,,,,,,,,,,,,,,,22,,,,,27,,,30,31,,,,,,,,,,,,,,,,,,,,,,,,,5,,7,,,,,
Fr.,18.09.15,,,3,,,,7,,,,,,13,,,,,,,,,,,,,,,,,,,,,,,,,,,,41,,,,,,,48,,,,1,,,,,,7,,,,,
Fr.,25.09.15,,,3,,5,,,,,,,,13,,,16,,,,,,,,,,,,,,30,,,,,,,,,,,,,,,,,,,,,,,,3,,,6,,,,,,
Fr.,02.10.15,,,,,,,7,,9,,,,,,,,,,,,,,,,,,,28,,,,,,,,,,,39,,,,,,,,47,,,,,,2,,,,,,8,,,,
Fr.,09.10.15,,,,,,,,,,,,,13,14,,,,,,,,,23,,,26,,,,,31,,,,,,,,,,,,,,,,,,,,,,,3,,,,,,9,,,
Fr.,16.10.15,,,,,,,,,,,11,,,,,,,,19,,,,,,,,,,,,,,,,,,,38,,,,42,,,,46,,,,,,,,3,,,,,,9,,,
Fr.,23.10.15,,,,,,,,,,,,,,,,16,,18,,,,,,,,,,,,,,,,34,,36,,,,,,,,,,,,,49,,,,,,,,6,,8,,,,
Fr.,30.10.15,,,,,5,,,,,,,,,,15,16,,,,,,,,,,,,,,,,,,,,36,37,,,,,,,,,,,,,,,,,3,,5,,,,,,,
Fr.,06.11.15,,2,,4,,,,8,,,,,,,,,,,,,,22,,24,,,,,,,,,,,,,,,,,,,,,,,,,,,,,,3,,,,,,9,,,
Fr.,13.11.15,,,,,,,,,,,,,,,,,,,19,,,,23,,,26,27,,,,,,,,,,,,,,,,,,,,,,49,,,,,3,,,,,,,10,,
Fr.,20.11.15,1,,,,,,,,,,,,,,,,,18,,20,,,,,,,,,,,31,,,,,36,,,,,,,,,,,,,,,,,,,,5,,,,9,,,
Fr.,27.11.15,,2,,,,,7,,,,,,13,,,,,,,,,,,,,26,,,,,,,,,,,,,,,,,,,,,,,49,,,,,3,4,,,,,,,,
Fr.,04.12.15,,,,,,,,,,,,,,14,,16,,,,,,,,,,26,,,,,,,,34,,,,38,,,,,,,,,,,,,,,2,,,,,,8,,,,
Fr.,11.12.15,,,,,,,,,,,,,,,,,,,,,,,,,,,,,,,,,,34,,36,37,,39,,,,,,,,,,49,,,,,,,,,,8,,10,,
Fr.,18.12.15,,,,,,,,,,,11,,,,,,,,19,,,,,,,,27,,,,,32,,,,,,,,,,42,,,,,,,,,,,,,,5,,,,9,,,
Fr.,25.12.15,,,,,,,,8,9,,,,,,,,,,,,,,,,,,,,,,,,33,34,,36,,,,,,,,,,,,,,,,,,3,,,,,,9,,,
Fr.,01.01.16,,,,,,,,,,,11,,,14,,,,,,,,,,,,,,,,,,,,,35,,,,,,,,,44,45,,,,,,,,,,,5,6,,,,,,
Fr.,08.01.16,1,2,,,5,,,,,,,,,,,,,,,,,,,24,,,,,,,,,,,,,,,,,,,,,,,47,,,,,,,3,,,,,8,,,,
Fr.,15.01.16,,,,4,,,,,,,,,,,,,,,,,,,23,,25,,,,,,,,,,,,37,,39,,,,,,,,,,,,,1,,,,,,,,9,,,
Fr.,22.01.16,,,3,,,,,,,,,,,,,,,,19,,,,,,,26,,,29,,,,,,,36,,,,,,,,,,,,,,,,,,,4,,,,,9,,,
Fr.,29.01.16,,,3,,,,,,,,,,,,,,,,,20,,,,,,,,,,,,32,,,,,,,,40,,42,,,,,,,,,,,,,4,,,,,9,,,
Fr.,05.02.16,,,,,,,,,,10,,,,,,,,,,,,,,,25,,,,,,,,,,35,,37,,,,,,43,,,,,,,,,,,,,5,,,8,,,,
Fr.,12.02.16,,,,,,,7,,,,,,,,,,,,,20,21,,,,,,,,,,,,33,,,,,,,,41,,,,,,,,,,,1,2,,,,,,,,,,
Fr.,19.02.16,,,,,,,,,,10,,12,,,,,,,,,,,,,,,,28,29,,,,,,,,,,,,,,,,,,,,49,,,,,3,4,,,,,,,,
Fr.,26.02.16,,,,,,,,,9,,11,,,,,,,,19,,,,,,,,,,,,,,,,,,,,,,,42,,,45,,,,,,,,,,,,,7,,,10,,
Fr.,04.03.16,,2,,,5,,,,,10,,,13,,,,,,,,,,,,,,,28,,,,,,,,,,,,,,,,,,,,,,,,,,3,,,,,,,10,,
Fr.,11.03.16,,,,,,,,,,10,,,,,,16,,,,,,,,,,,,,,,31,,,,,,37,,,40,,,,,,,,,,,,,,3,,,,,,9,,,
Fr.,18.03.16,,,,,,,,,,10,,,,,,,,,,20,,,,,,,,,,,,,,,35,,,,,,,,,,,,47,,,50,,,,,4,,,7,,,,,
Fr.,25.03.16,,,,,,,,,9,10,,,,,,,,,19,20,,,,,,,,,,,,,,,35,,,,,,,,,,,,,,,,,,,3,4,,,,,,,,
Fr.,01.04.16,,,,,,6,,,,,,12,,,,,,,,,21,,,,,,,,,,,,,,,,,,,40,,,,,,,,,49,,,,,,,,,,8,,10,,
Fr.,08.04.16,1,2,,,,,,,,,,,,,,16,,,,,,,,,,,,,,,31,,,,,,,,,,,,,,,,,,,50,,1,,,,,,7,,,,,
Fr.,15.04.16,1,,,,5,,,,,,,,,,,,17,,,,,,,,,,,,,,,,,,,,,,39,,,,,,,46,,,,,,,,,,,6,7,,,,,
Fr.,22.04.16,,,,,5,,,,,,,,,,,,,,,,,,,,,,,28,,,31,,33,,,,,,,,,,,,,,,,49,,,1,2,,,,,,,,,,
Fr.,29.04.16,,,,,,,,,,10,,,,14,,,,,,20,,,,24,,,,,,,,,,,,,,,,40,,,,,,,,,,,,,2,,,,,,,,10,,
Fr.,06.05.16,,,,,,,,,,,,12,,,,,,,,,,,,24,,,,,,,,,,,,,,38,,,,,,,45,46,,,,,,,,,,,6,,,,10,,
Fr.,13.05.16,,,,,,6,7,,,,,,,,,,,,,,,,,,,,,,,,,,,,,36,,,39,40,,,,,,,,,,,,1,,,,,,,,,10,,
Fr.,20.05.16,,,,,,6,,,,,,,,,,,,,19,,,,23,,,,,,,,,,33,34,,,,,,,,,,,,,,,,,,,,,4,,,7,,,,,
Fr.,27.05.16,,,,4,,,,,,10,,,,,,,,,,,,,,,,26,,,,,,,33,,,,,,,,,,,,,,,48,,,,,,,,5,,,,9,,,
Fr.,03.06.16,,,,,,,,,,,,,13,,,,,,,20,,,,,,,,,,,,32,,34,,,,,,,,,,,,,47,,,,,,,,,,6,,,9,,,
Fr.,10.06.16,,,,,,,,,,,11,12,,,,,,,,,,,,,,26,,28,,,,,,,,,37,,,,,,,,,,,,,,,,,,,,,,8,,10,,
Fr.,17.06.16,,,,,,,,,,,,,,,,16,,18,19,,,,23,,,,,,,,,,,,,,,,,,,,,44,,,,,,,,1,,3,,,,,,,,,
Fr.,24.06.16,,,,,,,,,,,,,,,,,,,19,,21,,,24,,,,,,,,,,,,,,,,,41,,,,,,,48,,,,1,,,,,6,,,,,,
Fr.,01.07.16,,,,,,,,,,,,,,,,,,,,,,,,,,,,,29,,,,,,,,37,38,,,,,,,,,47,,,50,,,2,,4,,,,,,,,
Fr.,08.07.16,,,,4,,,,,,,,,,,,,,,19,,21,,,,,,,,,,31,,,,,,,,,,,42,,,,,,,,,,,,,,5,,,,,10,,
Fr.,15.07.16,,,,,,,,,,,,12,,,,,,,,,,22,,,,,,,,,,,,,,36,,38,,,,,,,,,,,,50,,,2,,,,,,,9,,,
Fr.,22.07.16,,,,,,6,,,,,,,,14,,,,,,20,,,,,,26,,,,,,,,,,,,,,,,,,,,46,,,,,,,2,,4,,,,,,,,
Fr.,29.07.16,,,,4,,,,8,,,,,,,,,,,,,,22,,,,,,,,,,,,,,36,,,,,,,,44,,,,,,,,,,,,5,,,,,10,,
Fr.,05.08.16,,,,,5,,,,,,11,12,,,,,,,,,,,,,,,,,,30,,,,,,,,,,40,,,,,,,,,,,,,2,,,5,,,,,,,
Fr.,12.08.16,,,,,,6,,,,,,,,,15,,,18,,,21,,,,,,,,,,,,,,,,,38,,,,,,,,,,,,,,1,,,4,,,,,,,,
Fr.,19.08.16,,,,,,,,,,,,,,,,,,,,,,22,,,,,,,,,,,33,,,,,,,,,42,43,,,46,,,,,,,,,,,6,,,,10,,
Fr.,26.08.16,,,,4,,,,8,9,,,,,,,,,,,,,,,,,,,,,,,,33,,,,,,,,,,43,,,,,,,,,,,,,5,,,,9,,,
Fr.,02.09.16,,,,,,,,,,,,,,,15,,,,,,,,,,,,,28,,30,,,,,,,,,,,,42,,,,,,,,50,,1,,,,,,,8,,,,
Fr.,09.09.16,,,,,,,,,,,11,,,,,,,,,,,,,,,,27,,,,,,,34,35,,,,39,,,,,,,,,,,,,,,,,,6,,,,10,,
Fr.,16.09.16,,,,,,,,,,,,,,,15,,,,,,,,,,,,,28,,30,,,,,,,37,,,,,,43,,,,,,,,,,2,,,5,,,,,,,
Fr.,23.09.16,1,,,,,,7,,,,,,,,,,,,,,,,23,,25,,,,,,,,,,,,,,,,,,,,45,,,,,,,,,,,5,,,8,,,,
Fr.,30.09.16,,,,4,,,,,,,,,,,,,,,,,,,,,,,,28,29,,,,,,,,,,39,,,,,44,,,,,,,,,,,,,,,8,,10,,
Fr.,07.10.16,1,,,,,,,,,10,,,,,,,,,,20,,,,,,,,,,,,,,,,,,,,,,,43,44,,,,,,,,,,,,,6,,,9,,,
Fr.,14.10.16,,,,,,,7,,,10,,,,,,,,,,,,,,,25,,,,,,,,,,,,,,39,,,42,,,,,,,,,,,,3,,,6,,,,,,
Fr.,21.10.16,,,,,,,,,,,,,,14,,16,,,,,,,,,,,,28,,,,,,34,35,,,,,,,,,,,,,,,,,,,3,,,,,,9,,,
Fr.,28.10.16,1,,,4,,6,,,,,,12,13,,,,,,,,,,,,,,,,,,,,,,,,,,,,,,,,,,,,,,,1,,,,,6,,,,,,
Fr.,04.11.16,,,,,,,,,,,,,,14,15,16,,,,,,22,,,,,,,,,,,,,,,,,,,,,,,,,,,,50,,,2,,,,,,,,10,,
Fr.,11.11.16,1,,,,,,,,,,,,,,,16,,18,,,,,,,,,,,,,,,,,,,,,,,,42,,,,,47,,,,,,,,,,6,,8,,,,
Fr.,18.11.16,,,,,,,7,,,10,,,,,,16,,,,,,,,,,,,,,,,32,,,,,,,,40,,,,,,,,,,,,1,,,,,6,,,,,,
Fr.,25.11.16,,,,,,,,,,,,,,,,,,,19,,,,,,,,,28,,,,,,34,,,,,,,,,,,45,,,,49,,,1,,,,,6,,,,,,
Fr.,02.12.16,1,,,,,,,,,,,,,,,,,,,20,,,,,,,,,,,,,,,,,,,39,,,,,,,,,48,,50,,,,3,,,,7,,,,,
Fr.,09.12.16,,,,,,,,,,,,12,,,,,17,,,,,,,,,,,,29,,,,,,,,,,,,,,,44,,,,,,50,,,2,,,,,,,,10,,
Fr.,16.12.16,,2,3,,,,,,,,,,,,,,,,,,,,,24,25,,,,,,,,,34,,,,,,,,,,,,,,,,,,,,,,,6,,8,,,,
Fr.,23.12.16,,,,,,,,,,,,,13,,,,,,,,,,,,,,27,,,30,,,,,,,,,,,,42,,,,46,,,,,,,,3,4,,,,,,,,
Fr.,30.12.16,,,,,,,,,,,,,,,,,,,,,,,,,,,27,,,30,,,,,,,,,,,,,,,45,,47,,,50,,1,,,,,,,,9,,,
Fr.,06.01.17,,,,,,,7,,,,,,,14,,,,,,,,,23,,,,27,,,,,,,,35,,,,,,,,,,,,,,,,,,,3,,5,,,,,,,
Fr.,13.01.17,,2,,,,,,,,,,,,,,,,,,,21,,,,,26,,,,,,,,,,,,,,,,,,44,45,,,,,,,1,,,,,6,,,,,,
Fr.,20.01.17,,,,,5,,,,,,,,,,,,,,,,,,23,,25,,,,,,,,,,35,,,,,40,,,,,,,,,,,,,,,,5,,,8,,,,
Fr.,27.01.17,,,,,,,,,,,,12,,,15,,,,19,,,,,,,,,,29,,,,,,,,,,,,,,,,,,,48,,,,,,,,,,7,,9,,,
Fr.,03.02.17,,,,4,5,,,,,,,,,,,,17,,,,,,,,,,,,,,,,,,,,,,39,,,,,,,,47,,,,,,,3,4,,,,,,,,
Fr.,10.02.17,,,,,,,,,,,,,13,,,,,,,,,,23,,,,,,,,31,,,,,,,,,,,42,,44,,,,,,,,,2,,,5,,,,,,,
Fr.,17.02.17,,,,,,,7,,,,,,,,,,,18,19,,,,,,,,,,,,,,,,,,,,,40,,,,,,,,,49,,,,,,,5,6,,,,,,
Fr.,24.02.17,1,,,,,,7,,,,,,13,,,,,,19,20,,,,,,,,,,,,,,,,,,,,,,,,,,,,,,,,,,,,,6,,8,,,,
Fr.,03.03.17,,,3,,,,7,,,,,,,,,16,,18,,,,,,,25,,,,,,,,,,,,,,,,,,,,,,,,,,,,2,,,,,,,,10,,
Fr.,10.03.17,,,,,,,,,,,,,13,,,,,18,,20,,,,,,,,,,,,,,,35,,,,,,,,,,,46,,,,,,,,,,,,7,8,,,,
Fr.,17.03.17,,,3,,,,,,,,,,,,,16,,,,,,,,,25,,,,,,,,,,,,,38,,,,,,,45,,,,,,,,,,,,,7,8,,,,
Fr.,24.03.17,,,,,,,,,,,,,,,,,,,,,,,,,25,26,,,,30,,,,,,36,,,,,,,,44,,,,,,,,,,3,,,,,,9,,,
Fr.,31.03.17,,,,,,,,8,,,,,,14,,,,,,,,,,,,,,,,,,,,34,,,,,,40,,,,44,,,,,,,,1,,,,,,7,,,,,
Fr.,07.04.17,,,,,,,,,,10,,,,,,,,,,,,,,,,,27,,,,,,,,,,,,,,,,43,,45,46,,,,,,,,,4,,,,8,,,,
Fr.,14.04.17,,,,,,6,,,,,,,,,,,,,,,,22,,,,,,,,,,,33,,,,,,,,,,,,,46,,,49,,,1,,,,5,,,,,,,
Fr.,21.04.17,,,,,,,,,,,,,,,,,,,,,,,,,,,27,,,,31,,,,,,,,,,,,,44,,46,,,49,,,,,,,,6,,8,,,,
Fr.,28.04.17,,,3,,,,,,,,,,,,,,,,,,,,,,,,,,,,,,,,,,,38,39,,41,,,,45,,,,,,,,,3,,5,,,,,,,
Fr.,05.05.17,,,,,,,,8,,,11,,,,,,,,,,,,23,,,,,,,,,,,,,,,,,,41,42,,,,,,,,,,,,,,,6,,8,,,,
Fr.,12.05.17,,,,,,,7,,,,,,,14,,,,,,,,,,,,,,,,,31,,,,35,,,,,,,,,,,46,,,,,,1,2,,,,,,,,,,
Fr.,19.05.17,,,,,,,,,,,,,,,,,,,,,,22,,,,,,,,,,,33,,,,,,,,41,,,,,46,,,,50,,,2,,,,6,,,,,,
Fr.,26.05.17,,,3,,,,,,,,11,,13,,15,,,,,,,,23,,,,,,,,,,,,,,,,,,,,,,,,,,,,,1,,,,,,,,9,,,
Fr.,02.06.17,,2,,4,,,,,,,,,,,,,17,,,20,,,,,,,,,,,,,,,,,,,,,,,,,,46,,,,,,1,,,,,,,8,,,,
Fr.,09.06.17,,,,,,,,,,,,,13,,,,17,,,20,,,,24,,,,,,,,,,,,,,,,,,,,,,,47,,,,,,,,,5,,,8,,,,
Fr.,16.06.17,1,,,,,,,,,,,,,,,,,,,,,,,24,25,,,,,,31,,,,,,,38,,,,,,,,,,,,,,1,,,,,,7,,,,,
Fr.,23.06.17,,,,,,6,,,,,,,,14,,,,,19,,,,,,,,27,,,,,,,,35,,,,,,,,,,,,,,,,,,2,,4,,,,,,,,
Fr.,30.06.17,1,,3,,,,,,,,11,,,,,,,18,,,,,,,,,,,,,31,,,,,,,,,,,,,,,,,,,,,,,3,,,6,,,,,,
Fr.,07.07.17,,,,,,,,,,,,,,,15,16,17,,,,,,23,,,,,,,30,,,,,,,,,,,,,,,,,,,,,,,,,,,6,,,9,,,
Fr.,14.07.17,,,3,,,,,,9,,,,,,,,,,,,,,,,25,,,,,,31,,,,,,,,,,,,,,,,,,49,,,,,,,,,,8,9,,,
Fr.,21.07.17,,,,,,,,,,,,,,,,,,,,,,,,,,,27,,,,,,,,35,36,,38,,,,,,,,,,48,,,,,2,3,,,,,,,,,
Fr.,28.07.17,,,,,,,,,,,,,,14,,,,18,,,,,,,,26,,,,,,,,,,,,,,40,,,,,45,,,,,,,1,,,,5,,,,,,,
Fr.,04.08.17,,,,,,,,,,,,,,,,,,18,,,,,,,,,,,,,,,,,,,,,39,,,,,44,,46,47,,,,,,,,4,,6,,,,,,
Fr.,11.08.17,,,,,,,,,,,,,13,14,,,,,,,21,,23,,,,,,,,,,,,,,,,,40,,,,,,,,,,,,1,,3,,,,,,,,,
Fr.,18.08.17,1,,,4,,,,,,,,,,,,,,,,20,,,,,,,,,,,,32,,34,,,,,,,,,,,,,,,,,,,,3,,,6,,,,,,
Fr.,25.08.17,,,,,,,,,,,11,,,,,,,,,20,,,,,,,,28,,,,,,,,,,,,,41,,,,45,,,,,,,,,,,5,,,,9,,,
Fr.,01.09.17,,,3,4,,,,,9,,,,,,,,,,19,,,,,,,,,28,,,,,,,,,,,,,,,,,,,,,,,,1,,,,,,7,,,,,
Fr.,08.09.17,,,,,,,,,,,11,,,,,,,,,,,,,,,,,,,,,,,,,,,38,,40,,42,,,,,,48,,,,,,,4,5,,,,,,,
Fr.,15.09.17,,,,,,,,,,,,,,,15,,,,,,,22,,,,,,,29,,,,33,,,,,,,,,,,,,,47,,,,,,,3,,,,7,,,,,
Fr.,22.09.17,,,,,,,,,,10,,,,,,,17,,,,,,,,,,,,,,,32,,,,36,,,,,,,,,,,47,,,,,,2,,,5,,,,,,,
Fr.,29.09.17,,2,,,,,,,,,,12,,,15,,,,,,,,,,,,,,29,,,,,,,,,,,,,,,44,,,,,,,,,,,,,,7,,,10,,
Fr.,06.10.17,,,,,5,,,,,,,,,,,,17,,,,,,,,,,,28,,,,,,,,,,,,40,,,,44,,,,,,,,1,,,,,,,8,,,,
Fr.,13.10.17,,,,,,,,,9,,,,,,,,,,,,,,,,,,,,,,,,,,,,,,,40,,,43,44,,46,,,,,,1,,,,,,,8,,,,
Fr.,20.10.17,1,,,,,,,,,10,,,,,,,,,,,,,,,25,,,,,,,,,,,,,,,,,,,,,46,,,49,,,1,,,,,6,,,,,,
Fr.,27.10.17,,2,,,,,,,,,,,,,,,,,,20,,,23,,,,,,29,,,,,,,,,,,,,,,,,,,,,50,,,,,4,5,,,,,,,
Fr.,03.11.17,,2,,,,,,,,,,,,,,,,,,,,,,,,,,,,,,,,,35,,,,,,,,,44,45,,,,,50,,,,,,,6,7,,,,,
Fr.,10.11.17,1,,,,,,,,,,,,,14,,,17,,,,,,,24,,,,,,,,,,,,,,,,,,,,,,,,,,50,,,,,,,,,8,9,,,
Fr.,17.11.17,,,3,4,,,,,,,,,,,,,17,,,,,,,,,,,,,,,,,,,,,,,,41,,,,,,47,,,,,,2,,,5,,,,,,,
Fr.,24.11.17,,,,,,,,,,,11,,,,,16,,18,,,,22,,,,,,,,,,,,,,,,,,,,,43,,,,,,,,,,,,,,,7,8,,,,
Fr.,01.12.17,,,,,5,,,,,,,,,,,16,,,,20,,,,,,,,,29,30,,,,,,,,,,,,,,,,,,,,,,,2,,,,,7,,,,,
Fr.,08.12.17,,,,,,,,,9,,,,,,15,,,,,20,,,,24,,,,,,,,,,34,,,,,,,,,,,,,,,,,,1,,,,5,,,,,,,
Fr.,15.12.17,1,,,,,,7,,,,,12,,,,16,,18,,,,,,,,,,,,,,,,,,,,,,,,,,,,,,,,,,1,,,4,,,,,,,,
Fr.,22.12.17,,,,,,,,,,,,,,,,16,,,,,,,,,,26,,,,,,32,,,,,,,,40,,,,,,,47,,,,,1,,,,,6,,,,,,
Fr.,29.12.17,,,,,,,,,,,,,,,,16,,,,,,,,,,,,,,30,,,33,,,,,,,40,,,43,,,,,,,,,,2,,4,,,,,,,,
Fr.,05.01.18,,2,,,,,7,,,,,,,,,,,,,,,,,,,,,,,,,,,,,,,38,,40,,,,,45,,,,,,,,,,,,,7,,,10,,
Fr.,12.01.18,,,,,,,,,,,,,,,,16,17,,,,,,,,25,,,,,,,,,,,,,,,40,,,,44,,,,,,,,,2,,,,,,,9,,,
Fr.,19.01.18,,,3,,,,,,9,,,,,,,,17,,,,,,,,,,,,,,,,,,,,,,,,,,,,45,,47,,,,,,,,4,,,,,9,,,
Fr.,26.01.18,,,,,,,,,,10,,,,,,,,,,,,,23,,,26,,,29,,,,,,35,,,,,,,,,,,,,,,,,,,3,,5,,,,,,,
Fr.,02.02.18,,,,,,,,,,,,,,,15,,,,,,,,,24,,,,,29,,,,33,,,,,,,,41,,,,,,,,,,,,,,,,,7,8,,,,
Fr.,09.02.18,,,,,,,7,8,,,,,,,,,,,,,,,,24,,,,,,,,,,34,,,,,,,,,,,,46,,,,,,,,,4,,,,8,,,,
Fr.,16.02.18,,,,4,,,,8,,,,,,,,,,,19,,,,,,25,,,,,,,,,,,,,,,,,,,44,,,,,,,,,,,,,,,,9,10,,
Fr.,23.02.18,,,,,,,,,,,,,,,,,,18,,,,,,,,26,,,,,,,33,,,,,,,,,42,,,,46,,,,,,,,,4,,,,,,10,,
Fr.,02.03.18,,,,,,,,,,,,,,,,16,,18,,20,,,,,,,27,,,,,,,,,,,,,,,,,,,46,,,,,,,,3,,5,,,,,,,
Fr.,09.03.18,,,,,,,,,,,,,,,15,,,,,,,,23,,,,,28,,,,,33,,,36,,,,,,,,,,,,,,,,,,,4,,,7,,,,,
Fr.,16.03.18,,,,4,,,,,,,,,,,,,,,,,,,,,,,27,,,,,,,,,,37,,,,,,,,,,,48,49,,,,,3,4,,,,,,,,
Fr.,23.03.18,,,,4,,,,,,,,,,14,,,,,,,,22,,,,,,,,,,,33,,,,,,,,,42,,,,,,,,,,1,,,,,,,,,10,,
Fr.,30.03.18,,,,,5,,,,,,,,,,15,,17,,,,,,,,,,,,29,,,32,,,,,,,,,,,,,,,,,,,,,,,,5,,7,,,,,
Fr.,06.04.18,,,,,,6,,8,,,,,,,,16,,,,,,,23,,,,,,,,,,,,,,,,,,,,,,,,,,,50,,,,,4,,,,8,,,,
Fr.,13.04.18,,,3,,,,,,,10,,,,,,,,,,,21,,,,25,,,,,,,,,34,,,,,,,,,,,,,,,,,,,,,,,,7,,,10,,
Fr.,20.04.18,,,,,,,,,,,,,,,,,,,,,,22,,24,25,,,28,,,,,,,,,,,,,,,,,,46,,,,,,,2,,4,,,,,,,,
Fr.,27.04.18,,,,,,,,,9,,,,,,,,,,,,21,,,,,,,,,,31,32,33,,,,,,,,,,,,,,,,,,,,,,,,,,,9,10,,
Fr.,04.05.18,,,,,,,,,,,,,,,,,,,,,,,,24,,26,,,29,,,,,,,36,,,,,,,,,,,,,49,,,,,3,,,6,,,,,,
Fr.,11.05.18,,,3,,,,,,,,,,,14,,,17,,,,,,,,,,,,,,,,,,,,37,,39,,,,,,,,,,,,,,,,,5,,,,,10,,
Fr.,18.05.18,1,,,,,,,,,,11,,,,,,,,,,,,23,,,,,,,,,,,,,,,,,,41,,,44,,,,,,,,,2,,,,,,8,,,,
Fr.,25.05.18,,,,,,,,,,,,,,,15,,,,,,,,,,,,,,,,31,,,,35,,,,,40,,,,,,46,,,,,,,,3,,,,,8,,,,
Fr.,01.06.18,,,,,,,,,,,,,,14,,,,,19,,21,,,,,,,,,30,,32,,,,,,,,,,,,,,,,,,,,,,,4,,,7,,,,,
Fr.,08.06.18,,,,,5,,,,,,,,13,,,,,,,,,22,,,,,,,,,,,,,,36,,,39,,,,,,,,,,,,,,,,,,,,,9,10,,
Fr.,15.06.18,1,,,,5,,7,,9,,,,,,,,,,,,21,,,,,,,,,,,,,,,,,,,,,,,,,,,,,,,,,3,,,,,,,10,,
Fr.,22.06.18,,,,,,,,,,,,,,,,16,,,,,,,,24,,,,,,,,,33,,35,,,,,,,,43,,,,,,,,,,,,,,6,7,,,,,
Fr.,29.06.18,,,,,,,,,9,,,,,,,,,18,,,,,,,,,,,,30,,,,,,,,,,,,,,,,,47,48,,,,,,,4,,6,,,,,,
Fr.,06.07.18,,2,,,,,7,,,,,,,,,,,,,,,,,24,,,,,,,,,,,,,,38,,,,,,,45,,,,,,,,,,,5,,,8,,,,
Fr.,13.07.18,,,,,,,,,,,,,13,14,,,,,,,21,,,,,,,,,,,,,34,,,,,,,,,,,,46,,,,,,,2,,,5,,,,,,,
Fr.,20.07.18,,,,,,,,,,,,,13,,,,,,,,,,,,,,,,,,,,33,,,,,,,40,,42,43,,,,,,,,,,,,,,,7,,9,,,
Fr.,27.07.18,,2,,,,,,,,,,,,,,,,,,,,22,,,,,,,,,,,,,,,,,,40,,,43,,,,,,,50,,,,3,,,,,8,,,,
Fr.,03.08.18,,,,4,,,,8,,,,12,,,,,,,,,,,,,25,,,,,,31,,,,,,,,,,,,,,,,,,,,,,,,,,,7,8,,,,
Fr.,10.08.18,,,,4,,,,,,,,,,,15,,17,,,,21,,23,,,,,,,,,,,,,,,,,,,,,,,,,,,,,,,,,,6,7,,,,,
Fr.,17.08.18,,2,,,,,,,,,,12,,,,,,,,,,,,,,,,,,,,32,,,,,,,,,,,43,44,,,,,,,,,,3,4,,,,,,,,
Fr.,24.08.18,,,,,,,,8,,,,,,,,,,,,,,,,,25,26,,,,,,,,,,,,38,,,,,,,,,,48,,,,,,,,,6,,,9,,,
Fr.,31.08.18,,,3,,,6,,,9,,,,,,,,,18,,,,,,24,,,,,,,,,,,,,,,,,,,,,,,,,,,,,2,,,,,7,,,,,
Fr.,07.09.18,,,,4,,,7,,,,,,,,,,,,,,,,,,,,,28,,,,,,,,36,,,,,,,43,,,,,,,,,1,,,,,6,,,,,,
Fr.,14.09.18,,,,,,,,,,,,,,,,,,,,,,,,24,,,,,,,,,33,,35,,,,,,,,,,,46,,,49,,,,,,,5,,,,9,,,
Fr.,21.09.18,,,,,5,,,8,,,,,,,,16,,,,,,,,,,,,,,,,,,,,,,,,,,42,,,,46,,,,,,,2,,,,,,,,10,,
Fr.,28.09.18,,,3,,,,,8,,,,,13,,,,,18,,,,,,,,,,,,,,,,,,,,,,40,,,,,,,,,,,,,,,,,6,,,,10,,
Fr.,05.10.18,,,,,,,,,,,,12,,,15,,,,,,,,,,,,,,,,,32,,,,,,,,,,,,44,,,,,49,,,,,,,5,,7,,,,,
Fr.,12.10.18,,,,,,6,,,,,,,,,,,,,,,,,,,,26,,,,,31,,,,,,,,,,,42,,,,,,,,50,,,2,,,,,,,9,,,
Fr.,19.10.18,,,,,,,,,9,,,12,,,,,,,,,,,,,,,,28,,,,32,,,,,,,,,,,,,,,,48,,,,,,,,,,7,8,,,,
Fr.,26.10.18,,,,,,,,,,,,,,,,,,18,19,,,,,,,,,,,,,,33,,,,,38,,,,,,44,,,,,,,,,,,4,,,,,,10,,
Fr.,02.11.18,,,,,5,,,,,,,,,,,,17,,,,,,,,,,27,,,,,,33,,,,,,,,,42,,,,,,,,,,,,,,,,,,9,10,,
Fr.,09.11.18,,,,,,,,8,,,,,,,,,,,,,,,,,,,,,,,,32,,34,,,,,,,,,,,,46,,,49,,,,,3,,5,,,,,,,
Fr.,16.11.18,,,,,,,,,,,,,13,,15,,,18,,,,,,,,,,,,,,,,,,,,,39,,,,,,45,,,,,,,,,,,5,6,,,,,,
Fr.,23.11.18,,,,,,,,,,,,,,,,,17,,,,,22,,,,,,28,,,31,,,,,,,,,,,,,,,46,,,,,,,,,,5,,,,,10,,
Fr.,30.11.18,,,,,,,,,,,,,,,,,,18,,,,22,,,,,,,,,,,,,35,36,,,,,41,,,,,,,,,,,,,3,4,,,,,,,,
Fr.,07.12.18,,,,4,,,,,,,,,,,,16,,,,,21,,,,,,,,,,31,,,,,,,,,,,42,,,,,,,,,,,,,4,,6,,,,,,
Fr.,14.12.18,,,,4,,,,,,,,,,14,,,,,,,,,,24,,26,,,,30,,,,,,,,,,,,,,,,,,,,,,,,,,,,,,9,10,,
Fr.,21.12.18,,,3,,,,,,,,,,,,,16,,,,20,,,,,,,,,,,,,,34,,,,,,,,,,,,,,,49,,,,2,,,,,,,,10,,
Fr.,28.12.18,,,,,,,,,,,,,,,,,,,19,,,,,24,,,,,,,31,,,,,,,38,,40,,,,,,,,,,,,,,,,,,7,,,10,,
Fr.,04.01.19,,,3,,,,,,,10,,,,,,,,,,,,,,,25,,,,,,,32,,,,,,,,,,,43,,,,,,,,,1,,3,,,,,,,,,
Fr.,11.01.19,,,,,,6,,,,,,12,,,,,,,,,,,,,,,,,,,,,,,35,,,,39,,,,,,,,,,49,,,,,,4,,,,,9,,,
Fr.,18.01.19,,2,,,,,,,9,,,,,,,,,,,,,,23,,,,,,,,,,,,,36,,,,,,,,,,,47,,,,,,2,,,,,,,9,,,
Fr.,25.01.19,,,,,,,,,,,,,,,,,,,,,,,,24,25,,,28,,,,,,,35,,,,,,,,,,,,,48,,,,,,,4,,,,8,,,,
Fr.,01.02.19,,,,,,6,,,,,,,,,,,,,,,,,,,,,,,29,,,,,,,,,38,,,,,,,45,,47,,,,,,2,3,,,,,,,,,
Fr.,08.02.19,,,,,5,,,8,,,,,,,,,,,,,21,,,24,,26,,,,,,,,,,,,,,,,,,,,,,,,,,,,,4,5,,,,,,,
Fr.,15.02.19,1,,,,,,,,,,,,,,,,,,,,,,,24,,,,,,30,31,,,,,,,,,,,,,,,,47,,,,,,,,,,,7,,9,,,
Fr.,22.02.19,,,,,,,,,,,,,,14,,16,,,,,21,,,,25,26,,,,,,,,,,,,,,,,,,,,,,,,,,,,,,,,,8,,10,,
Fr.,01.03.19,,,,,,,7,,,,,,,,,16,,18,19,,,,,24,,,,,,,,,,,,,,,,,,,,,,,,,,,,1,,,,,6,,,,,,
Fr.,08.03.19,,,,4,,,,,,,,,,,,,,,,,,,,,,,,,29,30,31,,,,,,,,,,,,,,45,,,,,,,1,,,,,,7,,,,,
Fr.,15.03.19,1,2,,,,,,,,,11,,,,,,,,19,,,,,,,,,,,,,,,,,,,,,,,,,,,,47,,,,,,2,,,,,7,,,,,
Fr.,22.03.19,,,,,,,,,,,,,,,15,,,,,20,,,,24,,,,,,,,,,,,,,,,,,,,44,,,,,49,,,,,,,,,7,,9,,,
Fr.,29.03.19,,,,4,,,,,9,,,,,,15,,,,,,,,,24,,,,,,,,,,,,,,,,,,42,,,,,,,,,,,,,,,,,8,9,,,
Fr.,05.04.19,,,,,,,,,,,,,,,,,,,,,,22,,,,,,,,,31,,,,,,,,,,,,43,44,,,,,,50,,1,,,,,,,,9,,,
Fr.,12.04.19,,,,,,,,,,,,,,14,,16,,,,,21,,,,,,,,,30,,,,,,,37,,,,,,,,,,,,,,,,,,4,,,,8,,,,
Fr.,19.04.19,,,,,,,,,,,,,,,,,,18,,,21,,,,,,,,,,,,,,,,37,,,,,,43,,,,47,,,,,1,,3,,,,,,,,,
Fr.,26.04.19,1,,,,,6,,,,,11,,,,,,17,,,,,,,,,,,,,,,,,,,,,38,,,,,,,,,,,,,,,,,4,,,,8,,,,
Fr.,03.05.19,,,3,,,,,,9,10,,,,,,,,,19,,,,,,,,,,,,,,,,,,,,,,,42,,,,,,,,,,1,,,,,,7,,,,,
Fr.,10.05.19,,,,,5,,7,,,,,,,,15,,,,19,,,,,,,,,,29,,,,,,,,,,,,,,,,,,,,,,,,,3,,,,,8,,,,
Fr.,17.05.19,,,,,,,,,,,,,,,,,,,,20,,,,,,,27,,,,,,33,,35,,,,,,,,,,,46,,,,,,,,,,5,,,,9,,,
Fr.,24.05.19,,,,,,,,8,,,,,,,,,,,,,,,,,,26,,,,,,,,,,,,38,,,,,,,,,47,,,50,,,,3,,,,7,,,,,
Fr.,31.05.19,,,,,,,,,,10,,12,,,,,,,,,,,,,,,,,,,,,,,35,36,,,,,,,43,,,,,,,,,,2,,,5,,,,,,,
Fr.,07.06.19,,,,,,,7,8,,,,,,,,,,,,20,,,,,,,,,,,,,,,35,,,38,,,,,,,,,,,,,,,,,,5,,,,9,,,
Fr.,14.06.19,,,,,,,,8,,,,,,,,,,,,,,,23,,,,,,,,,,,,,,,,,40,41,42,,,,,,,,,,,2,,,,,,,,10,,
Fr.,21.06.19,,,,,,,,,,,,,,,,,,,,20,,,,,,,27,,,,,,,,,,37,,,,41,,,,45,,,,,,,1,,,,,,7,,,,,
Fr.,28.06.19,,,,,,,,,,,,,,,,,,18,,,,,,,25,26,,,,,,,,,35,,,38,,,,,,,,,,,,,,,,,,5,6,,,,,,
Fr.,05.07.19,1,,,,,,,,,,,,,,15,,,,,,,,,,,,,,,,,,,34,,,,,,,,,,,,,,48,,50,,,,,,,6,,,,10,,
Fr.,12.07.19,,,,,,,,,,,,,,,,,,,,,,,,,,,,,,,31,,,,,36,,,,40,,42,,,45,,,,,,,,,,,,,7,,9,,,
Fr.,19.07.19,,,,,,,,,,,,,,,,,,,,,,,,,,,,,,,31,32,,,,,,,,,,,,,45,,47,,49,,,,,,,,,7,,9,,,
Fr.,26.07.19,,,3,,,,,8,,,,,,,,,,,,,,,,,,,,,,30,,,,,,,,,,,,,,,,46,,48,,,,1,,3,,,,,,,,,
Fr.,02.08.19,,,,,,6,,,,,11,,,,,,,,,,,,,,,,,,,,,,,,,,,38,,,41,,,44,,,,,,,,,,,,,,,,9,10,,
Fr.,09.08.19,,2,,4,,,,,,,,,,,,,,,,20,21,,,,,,,,,,,,,,,,,,,,,,,,,,,,49,,,,,,,,,,,9,10,,
Fr.,16.08.19,,,,,,,7,,,,,,,,,,,,,20,,,,,,,,,,,,,,,35,,,,,,,42,,44,,,,,,,,,,3,,,,7,,,,,
Fr.,23.08.19,,,,,,,,,,,,,,,15,,,18,19,,,,,,,,,,,,,,,,,,,,,,41,42,,,,,,,,,,,,,4,,6,,,,,,
Fr.,30.08.19,,,,,,,,,,10,,,,,,,,18,,,,,,,,,,,,,,32,,,35,,,,,,,,,,,46,,,,,,,,3,,,,,,,10,,
Fr.,06.09.19,,,,,,,,,,,,,,,,,,,,,21,,,24,,,,,29,30,,,,,,,,,,,,,,,,,,,,50,,1,,,,5,,,,,,,
Fr.,13.09.19,,,3,,,,,,,,,,,,,,,,,,21,22,,,,,,,,,,,33,,,,,,,,,,,,,,47,,,,,,2,,,,,,,9,,,
Fr.,20.09.19,,,,,,,,,,,,,,,,,17,,,,21,,,,,,,,,,,,,,,,,,,,41,,,,,,,48,49,,,,,,4,,,,8,,,,
Fr.,27.09.19,,,,,,,,,,,,,,,,,,,,,21,,,24,,26,,,,,,,,34,,,,,,,,,,,,,47,,,,,,,,4,,6,,,,,,
Fr.,04.10.19,,,,,,,,,,,,,,,15,,,,19,20,,,,,,,,,,,,,,,,,,,,,,,,,45,,,,49,,,,,,,,,7,8,,,,
Fr.,11.10.19,,,,,,,,8,,,,12,13,,,,,,,,,,,,,,,,,,,,,,,,,,39,,,,,44,,,,,,,,,,,4,,,,,9,,,
Fr.,18.10.19,,,,,,6,,,9,,,,,,,,,,,,,,,,,,,,,,31,,,,,,,,,,,,43,44,,,,,,,,,,,,,6,,,9,,,
Fr.,25.10.19,,2,,,,,,,,,,,,,,,,,,,,,,,,,,,,30,,,,34,35,,,,,,,,,,45,,,,,,,1,2,,,,,,,,,,
Fr.,01.11.19,,,3,,,,,,,,,,,,,,17,,,,,,,,,,,,,,31,,,34,,,,,,40,,,,,,,,,,,,1,2,,,,,,,,,,
Fr.,08.11.19,,,,,,,,,,,,,,14,,,,,,20,,,23,,,,,,,,,,,,,,,,39,,,,,,,,,,49,,,,,,4,,,,,,10,,
Fr.,15.11.19,,,,,,,,,,10,,,,,,,,,19,,,,,24,,,,,,30,,,,,,,,,39,,,,,,,,,,,,,,2,,4,,,,,,,,
Fr.,22.11.19,,,3,,,,,,,,,12,,,,,,,,,,,,24,,,,,,,,,,,,,37,38,,,,,,,,,,,,,,,,3,,,,7,,,,,
Fr.,29.11.19,,2,3,,,,,,,,,,,,,,,,,,,,,,,,,,,30,31,,,,,,,,,,,,,,45,,,,,,,,,,,,6,,8,,,,
Fr.,06.12.19,,,,,,,,8,,,,,,14,,,,,,,,,23,,,,,,,30,,,,,,,,,,,,,,,45,,,,,,,1,,,,,,,,9,,,
Fr.,13.12.19,,,,,,,,,,,,,,,,,,,,,,,,,25,,,,,,31,,,,,,,38,,,,,,,,,,,49,50,,,,,,5,,,,,10,,
Fr.,20.12.19,,,,,,,,,,,,12,,,,,,,,20,21,22,,,,,,,,,,,,,35,,,,,,,,,,,,,,,,,,,,4,,,,,,10,,
Fr.,27.12.19,,,,,,,7,,,,,12,,,,,,,,,,,,,,,,28,,,,,,34,,,,,,,,,,,45,,,,,,,,,3,,,6,,,,,,
Fr.,03.01.20,,,,,,6,,,,,,,,,,,,,,,,,,,,,27,,,30,,,,,35,,,,,,41,,,,,,,,,,,,,,4,5,,,,,,,
Fr.,10.01.20,,,,4,,,,,,,,,,14,,,,,,,,,,,25,,,,,,,,,34,,,,,,,,,,,,,,,49,,,,,,4,,,,,9,,,
Fr.,17.01.20,1,,,,,,,,,,,,,,,,,,,,,,23,,,,,,,,,32,,,,,,,,,,,,,45,,,,49,,,,,,,5,,,,,10,,
Fr.,24.01.20,,,,,5,,,,,,,12,,,,,,,,20,,,,,,,,,29,,,,,,,,,,,,,,,,,,,48,,,,,,,,,,7,,9,,,
Fr.,31.01.20,1,,,,,,7,,,,,12,,,,,,,,,,,23,,,,,,,,,,,,,,,,39,,,,,,,,,,,,,,,3,4,,,,,,,,
Fr.,07.02.20,,,,,,,7,,,,,,,,,16,,,,,,22,,,,,,,,,,,,,,36,,,,,,,,44,,,,,,,,,,3,4,,,,,,,,
Fr.,14.02.20,,2,,,,6,,,,,,,,,,,,,,,,,,,,,,,,30,,32,,,,,,,,,,,,,,,,,49,,,1,,,4,,,,,,,,
Fr.,21.02.20,,2,,,,,,,,,,,13,,,,,,,,,,,,,,,,,,,,,,,,,,39,,,,,,45,,47,,,,,,,,4,,6,,,,,,
Fr.,28.02.20,,,,,,,,,,,,12,,,,,,,,,,22,,24,,,,,29,,,,,,,,,38,,,,,,,,,,,,,,,,,,5,6,,,,,,
Fr.,06.03.20,,,,,,,,,,,,,,,15,,,,19,,,,,,,,,,,,,,,,35,36,,,,,41,,,,,,,,,,,,,,,5,,,,,10,,
Fr.,13.03.20,1,,,,,,,,,,,,,,,,17,,,,,,,,,,,,29,,,,,,,,,,39,,,42,,,,,,,,,,,,,,,,7,8,,,,
Fr.,20.03.20,,,,,,,,,9,,,,,14,,,,,,,,,,,,,,28,,30,,,,,,,37,,,,,,,,,,,,,,,,,3,,,,,,,10,,
Fr.,27.03.20,,,,,,,,,,,,,13,,,,,,19,,,,23,,,,,,,,,,,34,,,,,,,41,,,,,,,,,,,,,3,,,,,8,,,,
Fr.,03.04.20,,,3,,,,,,,,,,,,,,,,,,21,,,,,26,,,,,,,,,,,,,,40,41,,,,,,,,,,,,,,,,,,8,,10,,
Fr.,10.04.20,,2,,,,,7,8,,,,,,,,,,,,,,,,,,,,,,,,,,,,,,,,,,,43,,,,,,,50,,,2,3,,,,,,,,,
Fr.,17.04.20,1,,,,,,,,,,,,,,,,,18,,,,,23,,,,,,,,,,33,,,,,,,,41,,,,,,,,,,,,2,,,,6,,,,,,
Fr.,24.04.20,,,,,,6,,,,,,,13,,15,,,,,,,,,,,,,,,,,,,34,35,,,,,,,,,,,,,,,,,1,,,,5,,,,,,,
Fr.,01.05.20,,,,,,6,,,,,11,12,,,,,,,,,21,,,,,,,,,,,,,,,,,,,,41,,,,,,,,,,,1,2,,,,,,,,,,
Fr.,08.05.20,,,,,,,,,9,,11,,,,15,,,,,,,,,,,,,,,,,,,,,36,,,,,,,43,,,,,,,,,,,,,,,,8,9,,,
Fr.,15.05.20,,,,,,,,,,,,,,,,,,,,,21,,,,,,27,,29,,,,,34,,,,,,,,,,,,,,,49,,,,,,,,,,8,,10,,
Fr.,22.05.20,,,,,,,,,,,,12,,,15,,,,,,,,,,,,,,,,,32,,,,,,,,40,,,,,45,,,,,,,,,,,,,7,,,10,,
Fr.,29.05.20,,,,,,,,8,,,,,,,,,,,,,,22,,,,,,,,,31,32,,,,36,,,,,,,,,,,,,,,,,,,,,6,,,,10,,
Fr.,05.06.20,,,,,,,,,9,,,,,,,16,17,,,,,,,,,,,,29,,,,,,,,,,39,,,,,,,,,,,,,1,,,,,,,8,,,,
Fr.,12.06.20,,,,,,,7,,,,,,,,,16,,,,,,22,,,,,,,,30,,,,,,,,,,,,,,,,,,48,,,,,2,,,,,,8,,,,
Fr.,19.06.20,,2,,,,,,,,,,,,,,,,,,,,22,,,,,,,,,,,33,,,,,38,,,,,,,,,47,,,,,,2,,,,,,,9,,,
Fr.,26.06.20,,,,,,,,,,,,,,14,,16,,,,,,,,,,,,,,,,32,,34,,,,,,,,,,,,,47,,,,,,,,,,,7,,9,,,
Fr.,03.07.20,,,,,,,,,,,,12,,,,,,,,,,,,,,,,,,,,,,34,,36,,,,,,,,,,,47,48,,,,,,,,5,,7,,,,,
Fr.,10.07.20,,,,,5,6,,,9,,,,,,15,,,,,,,,,,,,,,29,,,,,,,,,,,,,,,,,,,,,,,,,,4,,,,,9,,,
Fr.,17.07.20,,,,,,,,,,,,,13,,,,,,,,21,,,,25,,,,,,,,,34,35,,,,,,,,,,,,,,,,,,,,,5,,,,,10,,
Fr.,24.07.20,,,,,,,7,,,,11,,,,,,,,19,,,,,,,,,,,,,32,,,,,,,,,,,43,,,,,,,,,,2,,,,,,8,,,,
Fr.,31.07.20,,,3,,,,,,,,,,,,,,,,19,,,,,,,,,28,,,,,,,,,,,,,,,43,,,,,,49,,,,2,3,,,,,,,,,
Fr.,07.08.20,,,,4,,,,,9,,,,,,15,,,,,,,,,24,,,,28,,,,,,,,,,,,,,,,,,,,,,,,,2,,,,6,,,,,,
Fr.,14.08.20,,,,,,,,,9,,,,,,,,,,,20,,,,,,,27,,,,,,,,35,,,,,,,,,,,,,48,,,,,,,,5,,,,9,,,
Fr.,21.08.20,,,,,,,,,,,,,,,,,,,,,,,,,,26,27,,,30,,,,,,,,,,,,,,,,46,,,49,,,1,2,,,,,,,,,,
Fr.,28.08.20,,,,,,,,8,,,11,,,,,,,,,,,22,,,,,,,,,,,,,,,,38,,,41,,,,,,,,,,,,,,4,,,7,,,,,
Fr.,04.09.20,,,,,5,,,,,,,,,,,,,,,,,,23,,,,,28,,,,,,,,,,38,,,,,,,,,,,49,,,,,3,,,,,,9,,,
Fr.,11.09.20,,2,,,5,,,,,,,,,,,,,,,,,,,24,,,,,,,,,,,,,,,,,,,43,,45,,,,,,,,,,4,,,,,,10,,
Fr.,18.09.20,,,,,,,7,,,,,12,,14,,,,,,,,,,,,,,,,,,,,,,,,,,40,,42,,,,,,,,,,,,,,,,7,8,,,,
Fr.,25.09.20,1,,,,,,7,,9,,,,,,,,,,,,,,,,,,,,29,,,,,,,,,,,,,,,,,46,,,,,,,,,,,,,,9,10,,
Fr.,02.10.20,,,,,,,,,,,,,,,15,,,,19,,,,,,,,,,,,,,,34,,,,,39,,,,,,,,,,49,,,,2,,,,,7,,,,,
Fr.,09.10.20,1,,,,,,,,,,11,,,,,,17,,,,,,23,,,,,,29,,,,,,,,,,,,,,,,,,,,,,,1,,,,,,,8,,,,
Fr.,16.10.20,,,,,5,,,,,,11,,,,,,,,,,,,,,,,,,,,,,,,35,,,,,,,,,44,,,,,,50,,,,,4,,,,,,10,,
Fr.,23.10.20,,,,,,,,,,,,,,,,,17,,,,21,,23,,,,,,,,,,,,,,37,,,,,,,,45,,,,,,,,,,,,,7,,9,,,
Fr.,30.10.20,,,,,,,,,,,11,,,,,,,,19,,,,,24,,,,,,,,,33,,,,,,39,,,,,,,,,,,,,1,,,4,,,,,,,,
Fr.,06.11.20,,,,,5,,,,,,,12,,,,,,,,,,,,,,26,,,,,,,,,,,,,,,,,,,,,47,,,50,,,2,3,,,,,,,,,
Fr.,13.11.20,,,,,5,,,,,,,,,,,,17,,,,21,,,,,,,,,,,,,,,,37,38,,,,,,,,,,,,,,1,,,4,,,,,,,,
Fr.,20.11.20,,,,,,,,,,,,,,,,,,18,,20,,,,,,,,,,,,,,34,,,,,,,,,,,,,,,49,50,,,,,,,,7,8,,,,
Fr.,27.11.20,1,2,,,,,,,,,,,,,,,,,,,,22,,,25,,,,,30,,,,,,,,,,,,,,,,,,,,,,,,,,5,,,,,10,,
Fr.,04.12.20,1,,,,,,,,,,,,,,,,,,,,,,,,,,27,,,,,,,,,,37,,,40,41,,,,,,,,,,,,,,,,,7,,,10,,
Fr.,11.12.20,,,,4,,,,,,,,,13,,15,,,,,,,,,,,,,,,,,,,,,,,,,,41,,,,,,,,49,,,1,,,,,,,,9,,,
Fr.,18.12.20,,,,4,,,,,,,,,,,,,17,,,,,,,,,,27,28,,,,,,,,,,,,,,,,,,,,,,50,,,,,,5,,,8,,,,
Fr.,25.12.20,,,,,,,7,,,10,,,,,,,,,19,,,,,,,26,,,,,,,,,,,,,,,,42,,,,,,,,,,1,,,,,,,,9,,,
Fr.,01.01.21,,,,,,,,,,,,,,,,,17,,,,,,,,,,,,,,,,,,,36,,38,,,,,43,,,46,,,,,,,,,4,,6,,,,,,
Fr.,08.01.21,,,,,,,,8,,,,,,,,,,,,,,22,,,25,,,,,,,,,,,,,38,,,,,,,,,,,,50,,,,,,,,,8,9,,,
Fr.,15.01.21,,,,,,,,,,10,,,,,,,,,19,,,,,,,,,,,,,32,,,,36,,,,,,,,,,46,,,,,,,,,4,,6,,,,,,
Fr.,22.01.21,,,,,,,,,,,,,,,,,,,,,,,,,,,,,,,,,,,,,,38,,40,41,,,,,46,,48,,,,,2,,,,6,,,,,,
Fr.,29.01.21,,,,,,,,,,,,,,,,16,,,,,,,,,,,,,,30,,,33,,,36,,,,,,,43,,,,,,,,,,,,4,,,,8,,,,
Fr.,05.02.21,,2,3,,,,,,,,,,,,,16,,,,,,,,,,,,,,,,,33,,,,,,,,,,,,,46,,,,,,,2,,,,,,,,10,,
Fr.,12.02.21,,,,,,,,,,,,,,,15,,,18,,,,,,24,,,27,,,,,,,,,,,,,,,,,44,,,,,,,,,2,,,,,7,,,,,
Fr.,19.02.21,,,,,,,,,,,,,,,,,,,,,,,,,,,27,,,,,,,,35,36,,38,,,41,,,,,,,,,,,,,,,5,,7,,,,,
Fr.,26.02.21,,,3,,,,,,,,,,13,,,,,,,,,,,24,,,,,29,,,32,,,,,,,,,,,,,,,,,,,,1,,,,,,7,,,,,
Fr.,05.03.21,,,,,,,,,9,,,,,,,,,,,,,,23,,,,,,,,,,,34,,,,,,40,,42,,,,,,,,,,1,,,4,,,,,,,,
Fr.,12.03.21,,,,,,6,,,,,11,,,,,,,18,,,,,,,,26,,,,,,,,34,,,,,,,,,,,,,,,,,,,,,,5,,,8,,,,
Fr.,19.03.21,,,3,,,,,,,,11,,,,,,,,19,,,,,,,,,,,,,,,34,,,37,,,,,,,,,,,,,,,,,,,,,,8,9,,,
Fr.,26.03.21,,,,,,,7,,,,,,,,,,,,,,,,,,,,,,,,,,,,,,,38,,,41,,,44,,,,,,50,,1,,,,,,,8,,,,
Fr.,02.04.21,1,,3,4,,,,,,,,,,,,,,,,,,,,,,,,,,,,,,,,36,,,,,,,43,,,,,,,,,,2,3,,,,,,,,,
Fr.,09.04.21,,,,,,,,,,,11,,,,,,,18,,,,,23,,,,,,29,,,32,,,,,,,,,,,,,,,,,,,,,,3,,,,7,,,,,
Fr.,16.04.21,,,,,,,,,,,,12,,,,,,,19,20,,,,,,,,28,,,31,,,,,,,,,,,,,,,,,,,,,,,,,,6,,,9,,,
Fr.,23.04.21,,,3,,,6,,,,,11,,,14,,,,,,,,,,,,,,,,,,,,,,,,,,,,,,,,,,,49,,,1,,,,5,,,,,,,
Fr.,30.04.21,,,,,,,,,,,,,,,,,,,,,,,23,,,,27,,,,,,,34,,,,,,40,,,43,,,,,,,,,,,,,5,,7,,,,,
Fr.,07.05.21,,,3,,,,7,,,,,,,,,,,,19,,,,,,,,27,,29,,,,,,,,,,,,,,,,,,,,,,,,,,,,,7,,,10,,
Fr.,14.05.21,1,,,,,,,,,,,,,,15,,,,,,,,,,,,,,29,,,,,,,,,,,,,42,,,,,,,,50,,,,3,,,6,,,,,,
Fr.,21.05.21,,2,,,,,,,,,,12,,,15,,,,,,,,,,,,,,,,,,33,,,,,,39,,,,,,,,,,,,,,,,4,,,,,9,,,
Fr.,28.05.21,,,,,,,,,,,,,,,15,,,,,,,,,,,26,,,,,,,,,35,,37,,,,,,43,,,,,,,,,,,3,,,,,8,,,,
Fr.,04.06.21,,,,,,,,,,,,,13,,,,17,,,,,,,,,26,,,,,,,,,,,,,,,,,,,,,,,49,50,,1,,,,,,7,,,,,
Fr.,11.06.21,,,,,,,,8,,,,,,,,,,,,20,,,23,,,,,,,,,,,,,,,,,,,,,,,,,48,,50,,,,,,,,,8,9,,,
Fr.,18.06.21,,,,,,,,,,,11,,,14,,,,,,,,,,,,,,,,,,,,,,,,,,,,,,44,,46,,,49,,,,,,,,,7,,,10,,
Fr.,25.06.21,,,,4,,,,,,,,,,,,,17,,,,,22,,,,,,,,30,,,,,,,,,,,,,,,,,47,,,,,1,,,,,,,8,,,,
Fr.,02.07.21,,,,4,5,,,,,10,,,,,,,,,,,,,,,25,,,,,,31,,,,,,,,,,,,,,,,,,,,,,,,4,,6,,,,,,
Fr.,09.07.21,,,,,,,,8,,,,,,14,15,,,,,20,,,,,,,,,,,31,,,,,,,,,,,,,,,,,,,,,,,,,,,,8,9,,,
Fr.,16.07.21,,,,,,,,,9,,,,,14,,,,,,,,,,24,,,,,,,,,,,,,37,,39,,,,,,,,,,,,,,,,4,,,,,9,,,
Fr.,23.07.21,,,,,,,,,,,,,13,,,,,,,,,,,,,,,,,,,,33,,,,,,,,,42,,,,,,48,,50,,,,3,,,,,,9,,,
Fr.,30.07.21,,,,,5,,,,,,,,,14,,,,,,,,,,,,,,,,,,,,,,,,,39,,,,43,44,,,,,,,,1,,,,,6,,,,,,
Fr.,06.08.21,,,,,,,,,,,,,,,,16,,,19,,21,,,,,,,,29,,,,,,,36,,,,,,,,,,,,,,,,1,,,,,,7,,,,,
Fr.,13.08.21,,,,4,,,,,,,,,,,,,,,,,,,,,,,,,,,31,,,,,,,,39,,,,43,,,46,,,,,,1,,,4,,,,,,,,
Fr.,20.08.21,,,,,,,,8,,,,,,,,,,,,,,,,,,,,,,,31,,,34,,36,,,,,,,,,45,,,,,,,,,,,,,,8,,10,,
Fr.,27.08.21,,,,,,,,,,,,,,,,,,,19,20,,22,,,25,,,,,,,,,,,,,,,,,42,,,,,,,,,,,,,4,,6,,,,,,
Fr.,03.09.21,,,,,5,,,,9,,,,,,,,,,,20,,,,,,,,,,,,,,,,,,,,,,,,44,,,,48,,,,,,,4,,,,,,10,,
Fr.,10.09.21,,2,,,,,,,,,,,,14,,,,18,,,,,23,,,,,,,,,,,,,,,,,,,42,,,,,,,,,,,,,,5,,,,,10,,
Fr.,17.09.21,,,,,,,,,,,,,,14,,,17,,,20,,,,,,,27,,,,,32,,,,,,,,,,,,,,,,,,,,,,3,,,,7,,,,,
Fr.,24.09.21,,,,,,,,,,,,12,,,,,,,,,,22,,,,,,,,,,,,,35,,,38,,,,,,,,,,,49,,,,,,,5,,,,,10,,
Fr.,01.10.21,,,,,,,,,,,,,,,,,,,,20,,,,,,,,,,,,,33,34,,,37,,39,,,,,,,,,,,,,,,,4,,,,8,,,,
Fr.,08.10.21,,,,,,,,,,,,,,,,,,,,20,,,,,,,,28,,,,32,,,,,,38,,,,,,,,46,,,,,,,,,,,6,,8,,,,
Fr.,15.10.21,,2,,,,6,,8,,,,,,,,,,,,,21,,,,25,,,,,,,,,,,,,,,,,,,,,,,,,,,,,,,,6,,,9,,,
Fr.,22.10.21,,,,,,,,,,,,,,,15,,,,,,,,,,,,,,,,,,33,34,,,,38,,,,,43,,,,,,,,,,,3,,,,7,,,,,
Fr.,29.10.21,,,,,,,,,,,11,,,,,,,,,,,,23,,,,,,,,,,,,,,37,38,,,,,,44,,,,,,,,,,,4,,,,8,,,,
Fr.,05.11.21,,,,,,6,,,,,,,13,,,,,,,,,,,,25,,,,,,31,,,,,,,,,,,,,,,,,,49,,,,2,,,,,7,,,,,
Fr.,12.11.21,,,,4,,,,,,,,,,,,,,,,,,,,,,,,,,30,,,,,,,,,,,,,43,44,,46,,,,,,1,,3,,,,,,,,,
Fr.,19.11.21,,,,,,6,,,,,,12,,,,,,,,20,21,,,,,,,,,,,,,34,,,,,,,,,,,,,,,,,,,,,4,5,,,,,,,
Fr.,26.11.21,,,,,,,7,,,,,,,,,,17,,,,21,,,,,,,,,,,,,,,,37,,39,,,,,,,,,,,,,,,3,,5,,,,,,,
Fr.,03.12.21,,2,,,5,,,,,,,,13,,15,,,,,,,,23,,,,,,,,,,,,,,,,,,,,,,,,,,,,,,,,,,6,,8,,,,
Fr.,10.12.21,,,,,,,,8,9,,,,,,,,,,,,,,,,,,,,,30,,,,34,,,,,,,,,,,,,,48,,,,,,,,5,,,8,,,,
Fr.,17.12.21,,,,,,6,,8,,,,,,,,16,,,,,,,,,,,,,,,,,,,,,,,,,,,,44,,,,,,50,,1,,,,,,,,,10,,
Fr.,24.12.21,,,3,,,,,,,,,,,,,,17,,,,21,,,,,,,,,,,,,,35,,,,,,,42,,,,,,,,,,,,,,,,,8,9,,,
Fr.,31.12.21,,,,,,,7,,,,,,,,,16,,,,,,,,,,,,,,,,,,,,36,,,,,,42,43,,,,,,,,,,,,,,6,,8,,,,
Fr.,07.01.22,,,,,,,,8,,,,,,,,,17,,,,21,,23,,,,,,,,,,,,,,,,,,,,,,,,47,,,,,,2,,,,6,,,,,,
Fr.,14.01.22,,,,,,,,,9,,,,,,15,,,,,,,,,,,,27,,,,,,,,,,,,,,41,,,44,,,,,,,,,2,,4,,,,,,,,
Fr.,21.01.22,,2,,,5,,,,9,,,,,,,,,,,,,,,,,,,,29,,,32,,,,,,,,,,,,,,,,,,,,,2,,4,,,,,,,,
Fr.,28.01.22,,,,,5,,,,,,,,,,,,,,,,21,,23,,,,,,29,,,,,,35,,,,,,,,,,,,,,,,,,,,,,,7,,9,,,
Fr.,04.02.22,,,,,,,,,,,,12,,,,,,18,,,,,,,,,27,,,,,,33,,,,,,,,41,,,,,,,,,,,,,,,,,,,9,10,,
Fr.,11.02.22,,,,,5,,,,,10,,,,,,,,,,,,,,,,26,,,,,,,,,,,37,,,,,42,,,,,,,,,,,,3,,,,,,,10,,
Fr.,18.02.22,,,,,5,,,,,10,,,,,,,,,,,,,,,25,,,,29,,,32,,,,,,,,,,,,,,,,,,,,,,,4,,,7,,,,,
Fr.,25.02.22,,,,4,,,,,,,,,,,,,,,19,,,,,,,,,,,,,,,34,,,,,,,41,,43,,,,,,,,,1,,,,5,,,,,,,
Fr.,04.03.22,1,,,,,,,,,,,,,,,,17,,,20,,,,,,,,,,,,,,,,36,,,,,,,,,,,,,49,,,,,,,,6,,,9,,,
Fr.,11.03.22,,,,,5,,,,,,,,,,,,,,,,,,,,,,,,,,31,,,,,,,,39,,,,,,,46,,,49,,,,,,,,,,8,9,,,
Fr.,18.03.22,1,,,,,,,8,,,,,,,,,,,,,,,,,,,,,,,,,33,,,,,38,,,,,43,,,,,,,,,,2,,,,6,,,,,,
Fr.,25.03.22,,,,,,,,,,,11,,,,,,,,,20,,,,,,,,,,,31,,,,35,,,,,,,,,,,46,,,,,,,,,,,6,,,,10,,
Di.,29.03.22,,,,,,,,,,10,,,,,15,,,18,,,,,,24,,,,,,,,,,,,,,,39,,,,,,,,,,,,,,2,,,,,,,,,11,
Fr.,01.04.22,,,,,,,7,8,,,,,,,,,,,,,,,,,,,,,,,,,,,35,,37,,,,,,,,,,,,49,,,,,,,5,,,8,,,,
Di.,05.04.22,,,,,,,,,9,10,,,,,,,,,,,,,,,,,,28,,,,,,,,,,38,,,,,,,,,,48,,,,,,,,,,,8,,,,12
Fr.,08.04.22,,2,,,,,,,,,,,,,,,,,,,,,,,,26,,,,,,,,,,,,,,,41,,,,45,,,48,,,,,,,,5,,,,,,,12
Di.,12.04.22,,,,,,,,,,,,,,,,,,,19,20,,,,24,,,,,,,,,,,,36,,,,,41,,,,,,,,,,,,,,4,5,,,,,,,
Fr.,15.04.22,,2,,,5,,,,,10,,,,,,,,,,20,,,,24,,,,,,,,,,,,,,,,,,,,,,,,,,,,,,,4,,,7,,,,,
Di.,19.04.22,,,3,,,,7,,,,,,,,15,,17,,,,,,,,,,,,,,,,,,35,,,,,,,,,,,,,,,,,,,3,4,,,,,,,,
Fr.,22.04.22,,2,,,,,,,,,,,,,,,,18,,,,,,,,,,28,,,,,,,,,,,,,,42,,,,,,,,50,,,2,,,,,,,,,11,
Di.,26.04.22,,,,,,,,,,10,,,,,,,,,,,,,,,,,27,,,,,32,,,,,,,,,41,,,,,,,,49,,,1,,,,,,,,9,,,
Fr.,29.04.22,,,,,5,6,,,,,,,,,,,17,18,,,,,,,,,,,,,,,,34,,,,,,,,,,,,,,,,,,1,,,,,,,,,,11,
Di.,03.05.22,,,,,,6,,,,,,,13,,,,,,,,,22,,24,,,,,,30,,,,,,,,,,,,,,,,,,,,,,,,,,5,,,,,10,,
Fr.,06.05.22,,,,,5,6,,,,,,,,,,,,,,,,,,,,,,,,,,,,,,,,,39,,,,,,,,,,49,50,,,,,,,,,,,10,,12
Di.,10.05.22,,,3,,,,7,,,,,,,,,,,,,,,,,,,,,,,,,,,34,,,,,,,,,43,,,,,,,50,,,,,,5,,,,,10,,
Fr.,13.05.22,,,,,,,7,,,,,,13,,,,,,,,,,,,,,,,,30,,,,,,,,,,,,,43,,,,47,,,,,,,,,,,7,,,,11,
Di.,17.05.22,,2,,,,,,,,,,,13,,,,,,,,,,,,,,,,,,,,,,,,,,,,41,,,,45,,,,,50,,,2,3,,,,,,,,,
Fr.,20.05.22,,,,4,,,,,,,,,,,,,,,,,,22,,,,,,28,,,,32,,,,,,,,,,,,,,,47,,,,,1,2,,,,,,,,,,
Di.,24.05.22,,,,,,,,,,,,,,,,,,,,,,,,,25,26,,,,,,,,,,,,,,40,,,,,45,,47,,,,,,,,4,5,,,,,,,
Fr.,27.05.22,,,,,,,,8,,,,,,,,,,,,,,,,,,26,,,29,,,,,,,,,,,,41,,,,,,,48,,,,,,3,,5,,,,,,,
Di.,31.05.22,,,,,,,,,,,,,,14,,,,,,,,,,,,,,,,30,,,,,,,37,,39,,,,,,,,,,,50,,,,,4,,,,,,,,12
Fr.,03.06.22,,,,4,,,,,,,,,,,,,,,,,,22,,,,,27,,,,,,,,,,,,39,,41,,,,,,,,,,,1,,,,,,,,9,,,
Di.,07.06.22,,,,,5,,7,,,,,,,,,,,,,,,,,,,,,,,,,,,,,,,,,,,,,,45,,,48,49,,,,,3,,,,,8,,,,
Fr.,10.06.22,,,3,,,,,,,,,,,,,,,,,,21,,23,,,,,28,,,,,,,,,,,,,,,,,,46,,,,,,,,,,,,,,,10,,12
Di.,14.06.22,,,,,,,,,,,11,,,,,,,,,,,,,,,,,28,,30,,,,,35,,,,,,,,,,,,,,,50,,,,,,,,7,8,,,,
Fr.,17.06.22,1,2,,,,,,,,,,,,,,,,,,,,,23,,,,,,,,,,,,,,,,,,,,43,,45,,,,,,,1,,,,,,,,9,,,
Di.,21.06.22,,,,,,6,,,,10,,,,,,,17,,,,,,,,,,,,29,,,,,,,,,,,,,,,,,,,,49,,,,2,,,5,,,,,,,
Fr.,24.06.22,,,,,,,,,,,,,13,,,,,,,,,,,24,,,,,,30,,,,,35,,,,,,,,,,,,,48,,,,,,,4,5,,,,,,,
Di.,28.06.22,,2,,,,,,,,10,,,,,,,,,,,,,23,,,,,,29,,,,,,,,,,,,,,,,,,,,,50,,,,3,,,,,,,10,,
Fr.,01.07.22,,,,4,,,,,,10,,,,,,,,,,,,,,24,,,,,,,,,,34,35,,,,,,,,,,,,,,,,,,,,,,,7,8,,,,
Di.,05.07.22,,,,,,,7,,,,,,,,,16,,,,,,,,,,,,28,,,,,,,,36,,,,,,,43,,,,,,,,,,2,,,,,,,,,11,
Fr.,08.07.22,,,,,,6,,,,10,,,,,,,,,,,,22,,,,,,,,30,,,,,,36,,,,,,,,,,,,,,,,,,,,,,,8,,10,,
Di.,12.07.22,,,3,,,,,,,,,,,,,16,,,,,,,,,,26,,,,30,,,,,,,,,,,,,,,,,47,,,,,1,2,,,,,,,,,,
Fr.,15.07.22,,,,,,,,,9,,11,,,,,16,,,19,,,,,,,,,,,,,32,,,,,,,,,,,,,,,,,,,,,,3,,5,,,,,,,
Di.,19.07.22,,,,,,,,,,,,,,,,,,,,20,,,23,24,,,,,,,,,,,,,37,,,,,,43,,,,,,,,,,,,,,,,,9,10,,
Fr.,22.07.22,1,,,,,,,,,,11,,,,,,17,,19,,,,,,,,,,,,,,33,,,,,,,,,,,,,,,,,,,,,3,,,,7,,,,,
Di.,26.07.22,1,2,,,,,7,,,,,,,,,,,,,,,,,24,25,,,,,,,,,,,,,,,,,,,,,,,,,,,,2,,,5,,,,,,,
Fr.,29.07.22,,,,,,,,,,,,,,14,,,,,,,,,,,,26,,,29,,,,,,,,,,,,,,,,,46,,,,50,,,,,,,,,,,10,11,
Di.,02.08.22,,,,,,6,,,,,11,,,,,,,,,,,,,,,,,,,,,,,,,,,,39,40,,,,,,,47,,,,,,,,,,,7,8,,,,
Fr.,05.08.22,,,,,,,,,,10,,12,,,,,17,,,,,,,,,,,,,,31,,,,,,,,,,,,,,,,,,49,,,,2,,,,,,8,,,,
Di.,09.08.22,,,,,,,,,,,,,,,,,,,,,,,23,,,26,,,,,,,,,,36,,,,40,,,,44,,,,,,,,,,,,5,,,,,10,,
Fr.,12.08.22,,,,,,,,,,,,,,14,,,,,,,,,,,,,,,,,,32,,34,,,,38,,,,,,,,46,,,,,,,2,,,5,,,,,,,
Di.,16.08.22,,,,4,,,,,,,,,,,,,17,,,,,,,,,,,,,,,32,,34,,,,,,,,,,,,,,,49,,,,,,4,,,,,9,,,
Fr.,19.08.22,,,,4,,,,,,,,,13,,,,,,,,,,,,,,,,,,,32,,,,,,,39,,41,,,,,,,,,,,,,,,,6,,8,,,,
Di.,23.08.22,,2,,,,,,,9,,,,,,,,,18,,,21,,,,,,,,,,,,,,,,,,39,,,,,,,,,,,,,,,,4,,,,,,10,,
Fr.,26.08.22,,2,,,,6,,,,,,,,,,,,18,,,,,,,,,,,29,,,,,,,,37,,,,,,,,,,,,,,,,,,,,,,,,10,,12
Di.,30.08.22,,,,,,,,,,,,,,,,,,18,,,,,,,,,27,,,,,,,,,,,,,,41,,,,45,,,,49,,,,,,,,,7,,9,,,
Fr.,02.09.22,,2,,,5,,,,,,11,,,,,,,,,,,22,,24,,,,,,,,,,,,,,,,,,,,,,,,,,,,,,,,,,7,,,,,12
Di.,06.09.22,,,,,,6,,,,10,11,,,,,,,,,20,,,,,,,,,,,,,,,,,,38,,,,,,,,,,,,,,,,3,,,,,,9,,,
Fr.,09.09.22,,,,,,,,,9,,,,,,,,,18,,,,,,,,26,,,,,,,,,,,,,,,41,,43,,,,,,,,,,,,4,,,,,9,,,
Di.,13.09.22,,,,,,,,,,,,,,,,,,,,20,,22,,,,26,,,,,,,,34,,,,,,40,,,,,,,,,,,,,,,,,,,8,,,,12
Fr.,16.09.22,,,,,,,,,,,,,,,,16,,,,,,,,,25,,27,,,,,,,,,,,,,,41,,,,45,,,,,,,,,3,,,,,,9,,,
Di.,20.09.22,,2,,,,,,,,,,,13,,,,,,,,,22,,,,,,,,,,,,,,36,,,,40,,,,,,,,,,,,,,3,,5,,,,,,,
Fr.,23.09.22,,,,,,,,,,,,,,,,,,,,20,,,,,,,,,,30,,,,,,,,38,39,,,,,44,,,,,,,,,2,,,,,,,,,,12
Di.,27.09.22,,,,,,,,,,,,,,,15,,,,,,,,23,,,26,,,,,31,,,,,,,,,,,,,44,,,,,,,,1,,,,,,,8,,,,
Fr.,30.09.22,,,,,,,,8,,,,12,,,15,,17,,,,,,,,,,,,,,,,,,,,,,,,,,,,,46,,,,,,1,,,,,,,8,,,,
Di.,04.10.22,,,,,,,,,,,,,,,,,17,,,,,,,,,,,,,,,,,,,,,,,,,42,43,,,,,48,49,,,,,3,,,,7,,,,,
Fr.,07.10.22,,,,,,,,,,,,,,,,16,17,,,,,,,,,26,,,,30,,,,,35,,,,,,,,,,,,,,,,,,,3,,,,,,9,,,
Di.,11.10.22,,,,,,,7,,,,,,,,,,,,,,,,,,,,,,,,,,,,35,36,,,39,,,,,,,,47,,,,,,,3,,,,,8,,,,
Fr.,14.10.22,,,3,,5,,,8,,10,,,,,,,,,,,,,,,,,,,,,,,,,,,,,,,,,,44,,,,,,,,,,,,,,7,,,,,12
Di.,18.10.22,,,,,,,,,,,,,13,,,,,18,,,,,,24,,,,,,,,,,34,,,,,,,,,,,,,,,,50,,,,,,5,6,,,,,,
Fr.,21.10.22,,2,,,,,,,,,11,,,,,,,18,,,,,,,,,,,,,,,,,,,,,,,,,,,,,47,,49,,,,2,,,,,7,,,,,
Di.,25.10.22,,,,,,,,,,,,,,,,,17,,,,,,,,,26,,,,,,,,,35,,37,,39,,,,,,,,,,,,,,,3,4,,,,,,,,
Fr.,28.10.22,,,,4,5,,,,,,,,,,,,,,,,21,,,,,,,,,30,,,,,,,,,,,,,43,,,,,,,,,,,,,5,,,,,,11,
Di.,01.11.22,,,,,,,,,,,,,,,,,,18,,,,,,,,,,,,,,32,,,,,,,39,,,42,,44,,,,,,,,,,,4,,,7,,,,,
Fr.,04.11.22,,,,,,,7,,9,,,,,,,,,,,,,,,,,,,,,,,,,,,,,,,40,,,,,,,,48,49,,,,,,,,,7,8,,,,
Di.,08.11.22,,,,,,,,,,,,,,,15,,17,,,,,,23,,,,,,,,,,,,35,,,38,,,,,,,,,,,,,,,,,4,,,,,9,,,
Fr.,11.11.22,,,,,,,,,,,11,,,,15,,,,,,,,,24,,,,28,,,,,,,,,,,,,41,,,,,,,,,,,,,3,,,,,,,,,12
Di.,15.11.22,1,,,,,,7,,,,11,,,,,,,,,,,,,,,,,,,,,,33,,,,,,,,,,,,,,,48,,,,,,,,,,,,9,,,12
Fr.,18.11.22,,,,,,,,,,,,,13,14,,,,,,,,,,,25,,,28,,,,,,,,,,,,,,42,,,,,,,,,,,,,,,,,,,,11,12
Di.,22.11.22,,,,,,,,,,,11,,,,,,,,,20,,,23,,,,,,,,,,,,,,37,,,,,,,,,46,,,,,,,,,,,,,,9,,11,
Fr.,25.11.22,,,,4,,6,,8,,,,,,,,,,,,,,,,,,,,,,,,,,,,,,,,,,42,,,,,,48,,,,,,,,,6,,,,,11,
Di.,29.11.22,,,,,,,,,9,,,,,,,16,,,,,,,,,,,,,,,,32,,,,,37,,,,,,,,,46,,,,,,,,,,,,7,,,,,12
Fr.,02.12.22,,,,,,6,,,,,,12,,,,,,,,,,,,,25,,,,,,,,,,,,,,,,,,,,,,,48,49,,,,,,,,,,,,,11,12
Di.,06.12.22,,,,,,,,8,,,,12,,,,,,,,,,,,,,,,,,,,,,,,,37,,,,,,,44,,,47,,,,,,,,,,,7,,,10,,
Fr.,09.12.22,,,,,,6,,8,,,,,13,,,,,,,,21,,,,,,,,,,,32,,,,,,,,,,,,,,,,,,,,,,3,,,6,,,,,,
Di.,13.12.22,,,3,,,,,,,,,,13,,,,,,,,,,,,,,,,,,,,33,,,36,,,,,,,,,,,47,,,,,,,3,,,,,,,,11,
Fr.,16.12.22,,,,,,,,,9,,,,,14,15,,,,,20,,,,,,,,,,,,,,,,,,,,,,,,,,,47,,,,,,,,,,,,8,,,,12
Di.,20.12.22,,,,,,6,,,,,11,,,,,,,,,,,,,,,26,,,,,,,,,,,,,,,,,43,,,,,,49,,,,,,,5,,,8,,,,
Fr.,23.12.22,,,,,,,,,9,,,,,,,,,,,,,,,,,,,,,,,,,34,35,,,,,,,42,,44,,,,,,,,,,,,,6,,,,,11,
Di.,27.12.22,,,,,,,,,,,,,,,,,,,,,,,,,,,,28,,,,,33,34,,,37,,,,,,,44,,,,,,,,,,,4,,,,,,,11,
Fr.,30.12.22,,,3,,,,,,,,,,,,,,,,,,,,,,,,,,,,,,,,,,37,,,,,,,,45,,47,,,50,,,,,,5,,,,,10,,
Di.,03.01.23,,,,,,,,,,,,,,,,,,,,,,,,,,,,28,29,,31,,,,,,37,,,,,,,,,,,,,50,,,,,4,5,,,,,,,
Fr.,06.01.23,,,,,,,,,,,,,,14,,,,,,,,,,,,,,28,,,31,,,,,,,,,,,,,,,,47,,,50,,,,,,,,7,,,,,12
Di.,10.01.23,,,,,,,,,9,,,,,,,16,,,,,,,,,,,27,,,,,,,,,,,,,,41,,,,45,,,,,,,1,,,4,,,,,,,,
Fr.,13.01.23,,,,,,,7,,,,,,,14,,,,,,,,,,,,,,,,,,,,34,,,,,,,41,,,,,,,,49,,,,,,4,,,,,9,,,
Di.,17.01.23,,,,,,6,,,,,11,,,,,16,,,,,,,,,,,,,,,,,,,35,,,,,,,,,44,,,,,,,,,2,,,,6,,,,,,
Fr.,20.01.23,1,,,,,,,,,,,12,,,15,,,,,,,,,,,,,,,,31,,,,,,,,,,,,,,,,47,,,,,,,,,,,,,9,10,,
Di.,24.01.23,,,,,,,,,9,,,,,,,16,17,,,,,,,,,,27,,,,31,,,,,,,,,,,,,,,,,,,,,1,,,,,,,,9,,,
Fr.,27.01.23,,,,4,,,,,9,,,,,,,,,,,,,,,,,,,,29,,,,,34,,,37,,,,,,,,,,,,,,,,,3,,,,,,,,,12
Di.,31.01.23,,,,,,,,,,,,,,,,,,,,20,21,,,,,,,,,30,,,,,,,,,,,41,,43,,,,,,,,,,,,,,,,,,10,11,
Fr.,03.02.23,1,,,,,,7,,,,,,,,,,17,,,,,,,,,,,,,,,,,,,,,,,,,,,44,,,,,,50,,,2,,,,,,,,10,,
Di.,07.02.23,,,,,,,,,,10,,,,,15,,,,,,,,,,25,,,,,,,,,,,,37,,,,,,,,,46,,,,,,,,,,,,7,,,,,12
Fr.,10.02.23,,,3,,,,,,,10,,,,,,,,,,20,,,,,,,,,,,,,,,,36,,,,,,42,,,,,,,,,,,,,,,,,8,,10,,
Di.,14.02.23,1,2,,,,6,,,,,,,,14,,,,,,,,,,,,,,,,,,,,,,,,,,,,,,,45,,,,,,,,2,,,,,7,,,,,
Fr.,17.02.23,,,,,5,,,,,,,12,,,15,,,,,,21,,,,,,,,,,,,,,,,,,39,,,,,,,,,,,,,,,3,4,,,,,,,,
Di.,21.02.23,,,,,,,,,,,,,13,,,,,,,20,,,,,,,,,,,,,,34,,,,38,,,,,43,,,,,,,,,,,3,,,6,,,,,,
Fr.,24.02.23,1,,,,5,,,,,,,12,,,,,,18,,20,,,,,,,,,,,,,,,,,,,,,,,,,,,,,,,,,,,,,6,7,,,,,
Di.,28.02.23,,,,,,6,,,,,,,,,,,,,,20,,,,,,,27,,,,,,,,,,,38,,,,,,,,,,,49,,,,,3,,,,,,9,,,
Fr.,03.03.23,1,,,,,,,,,,,,,,,,,18,,,,,,,,,,,,,,,,,,,37,,,,,,,,,46,,48,,,,,,3,,,,7,,,,,
Di.,07.03.23,,,,4,,,,,,,11,12,,,,16,,,,,,,,,,,,,,,,,,,,,,,,,,42,,,,,,,,,,,,3,,5,,,,,,,
Fr.,10.03.23,,,,,,6,,,,,,,,,,,17,,,,,22,,,,,,,,,,,,,,,,,39,,,,,,,46,,,,,,,,,,5,,,,,,,12
Di.,14.03.23,,,,,,,,,9,,,,,,,16,,,,,,,,,,,,,,,,32,,34,,,,,,,,,,,,,,48,,,,,2,,,,6,,,,,,
Fr.,17.03.23,,,,,5,,,,,,,,,,,,,18,,,21,,,,,,,,29,,,,,,,,,,,,,,,,45,,,,,,,1,,,,,6,,,,,,
Di.,21.03.23,,,,,,,,8,,,,,13,,,16,,,,,,,,,,,,,,,,,,,,,,,,,,,,44,,,47,,,,,,,,,,6,,8,,,,
Fr.,24.03.23,,,,,,6,,,,,,,,,,,,,,,21,,23,,,26,,,,,,,,,,,,,,,,,43,,,,,,,,,,,3,,,,,,9,,,
Di.,28.03.23,,,,,,6,,,,,,12,,,,,,,,,,,,,,,,,,,,,,,,36,37,,,,,,,44,,,,,,,,1,,,,,,,,,,11,
Fr.,31.03.23,,,,,,,,,,10,11,,,,,,,,,,,,,,,,,,,,31,,,,,,37,,,,,,,44,,,,,,,,,,,,5,,,,,,,12
Di.,04.04.23,1,,,,,,,,,,,,,,15,,,,19,,,,,24,,,,,,,,,33,,,,,,,,,,,,,,,,,,,,,,,,,7,8,,,,
Fr.,07.04.23,,,,,,,,,,,,,,,,16,,,,,,,,,,,,28,,,,32,,,,36,,,,,,,,,,,,48,,,,,,,,5,,,,,10,,
Di.,11.04.23,,,,,5,,,,,,,,,,,,,,19,,,,,,,,,,,,,,33,,,,37,,,,,42,,,,,,,,,,,,,,,,7,,9,,,
Fr.,14.04.23,,,,,,,7,,,,11,,,,,,,,,20,21,,,,,,,,29,,,,,,,,,,,,,,,,,,,,,,,,,,,,6,,,,,11,
Di.,18.04.23,,,,,,,,,,,,,,,,16,,,,,,,,,,,,28,,,31,,,,35,,,,,,,42,,,,,,,,,,,2,,,,,,,,10,,
Fr.,21.04.23,,,,,5,,,,,,,,13,,,16,,,,,,,,,,,,,,,,,,,,,,,,,41,,,,45,,,,,,,,,3,,,6,,,,,,
Di.,25.04.23,,,,,,,,,,,,12,,,,,,,,,21,,,24,,,,28,,,,,,,,,,,,40,,,,,,,,,,,,1,,3,,,,,,,,,
Fr.,28.04.23,,,,4,,,,8,9,,,,,,,,,,,,,,,,,,,,,30,,,,,35,,,,,,,,,,,,,,,,,,,,,,6,7,,,,,
Di.,02.05.23,,,,,,,,,,,11,12,13,,,,,,,,,,23,,,26,,,,,,,,,,,,,,,,,,,,,,,,,,,,,,,,,,,,11,12
Fr.,05.05.23,,,,,,,,,,,,,,,,,17,18,,,,,,,,,,,,30,,,33,,35,,,,,,,,,,,,,,,,,,,,,,6,,8,,,,
Di.,09.05.23,,,,,,6,,,,,11,,,,,,,,,,,,,,,,,,29,,,,,34,,,,,39,,,,,,,,,,,,,,2,3,,,,,,,,,
Fr.,12.05.23,,,,,,,,,,10,,,,,,,,,,,,,,,,,27,,,30,,32,,34,,,,,,,,,,,,,,,,,,,,,,5,,,8,,,,
Di.,16.05.23,,,,,,,,,,,,,,,,,,,,,,,,,,,,28,,30,31,,,,,,,,,,,,,,45,46,,,,,,,,,4,,,,8,,,,
Fr.,19.05.23,1,,,,5,,,8,,,,,,,,,,,,20,,,,,,,,,,,,,,,35,,,,,,,,,,,,,,,,,,,3,,,,,,,,,12
Di.,23.05.23,1,2,,,,,,,,,11,,,14,,,,,,,,,,,,,,,,,,,,,,36,,,,,,,,,,,,,,,,,2,3,,,,,,,,,
Fr.,26.05.23,1,,3,,,,,,,,,,,,,,,,,,,,,,,,,,29,,,,,,,,,,,,,,,,45,,47,,,,,,,,,5,,,8,,,,
Di.,30.05.23,,2,,,,,,8,,,,,,,,16,,,,,21,,,,,,,,,,,,,,,,,,39,,,,,,,,,,,,,,,,4,5,,,,,,,
Fr.,02.06.23,,,,,,,,8,9,,11,,13,,,,,,,,,,,,,,,,,,,,,,,,,,,,,,,,,,,,,50,,,,,,,6,,,,,11,
Di.,06.06.23,,,,,5,,7,,,,,,,,,,,,,,21,22,,,,,,,29,,,,,,,,,,,,,,,,,,,,,,,,,3,,,,,,,10,,
Fr.,09.06.23,,,,,,,,8,,,,,13,,,,,,,,,,,24,,,,,,,,,,,35,,,,,,,,,,,46,,,,,,,,,,,6,,8,,,,
Di.,13.06.23,,,,,,,,,,,11,,,,,,,,,,,,,,,,,,29,,,32,,,,,,,,,,,,,,46,47,,,,,,,,,5,,7,,,,,
Fr.,16.06.23,,,,,5,,,,,,,,,,,,,,19,,,,,,,,,,,,,,33,,,36,,,,,,42,,,,,,,,,,,,,,,,7,,,,,12
Di.,20.06.23,,,,,,,,,9,,,,,,,,,18,,,,,,,,,,,,30,,,,34,,,,,,,,,,,,,,48,,,,1,,,,,,7,,,,,
Fr.,23.06.23,,2,3,,,,,,,,,,,,,,,18,,,,,23,,,,,,,,,,,,,,,,39,,,,,,,,,,,,,,,,,,6,,8,,,,
Di.,27.06.23,,,,,,,7,,,10,,,13,,,,,,,,,,,,,,,,,,,,,34,,,,,,,,,,,,,47,,,,,,,,,5,,,,9,,,
Fr.,30.06.23,,,3,,,,,,,,,,,14,,,,,,,,,23,,,,,,,,,,,,,,,,,,41,,43,,,,,,,,,,2,,,,6,,,,,,
Di.,04.07.23,,,,,,,,,,,,,,,,,,,19,,21,,23,,,,,,,,,,,,,36,,,39,,,,,,,,,,,,,,,,,5,,,,,,,12
Fr.,07.07.23,,,,,,,,,9,,,,,,,,,18,,20,,,,,,,,,,,,,,,,,,,,40,41,,,,,,,,,,,,,3,,,,,,9,,,
Di.,11.07.23,,,,,,,,,,,11,,,,15,,17,,,,,,,24,,,,,,,,,,,,,,,,,,,,,,46,,,,,,,2,,,,,,,,,11,
Fr.,14.07.23,,2,,4,,,,,,,,12,,,,,,,,,,,,,,,,,,,31,,,,,,,,,,,,,,,,,,,50,,,,,,,6,,8,,,,
Di.,18.07.23,,,,,,,,,,,,,,14,,16,,,,,,,,24,,,,,,,,,,,,,,,,40,,,43,,,,,,,,,1,,,,5,,,,,,,
Fr.,21.07.23,,,,,,,7,,,,,,,,,16,,,,,,22,,,,,,,,,,,,,,,,38,,,41,,,,,,,,,,,,,,,5,,,,9,,,
Di.,25.07.23,,,3,,,,,,9,,11,,,,,,,,,20,,,,,,,,,,,,,,,,,,,39,,,,,,,,,,,,,,2,3,,,,,,,,,
Fr.,28.07.23,,,,,,,,,,10,,,,,,16,,,,,,,,,,,,,,,,,,34,,36,,,,,,,,,,,,,49,,,,,3,,,,7,,,,,
Di.,01.08.23,,2,,,,,,,9,,,,,,,,,,,,,,,,,,,,,,,,,,,,,38,,40,,,,44,,,,,,,,,,,,5,,,,,,11,
Fr.,04.08.23,,,3,,,,,,,,,,,,,,17,,19,,,,,,,,,,,,,32,,,,,,38,,,,,,,,,,,,,,,,,,,6,7,,,,,
Di.,08.08.23,,,,,,6,,,,,,12,,,,,,,,,,,,,25,,,,,,31,,,,,,37,,,,,,,,,,,,,,,,,,,,6,,,9,,,
Fr.,11.08.23,1,,,,,,,,,,,,,,,,,,,,,,,,,,,,,,,,,,35,36,,38,39,,,,,,,,,,,,,,,3,,,,,,,10,,
Di.,15.08.23,,,,,,,,,,,,12,,,,,,,,,21,,23,,,26,,,,,,,,,,,,,,,41,,,,,,,,,,,,,,,5,6,,,,,,
Fr.,18.08.23,,2,,,,,,,,,,,,,,16,,,,,,22,,,,,,28,,,,,,,,,,,,,,,,,,46,,,,,,,,,4,,,,8,,,,
Di.,22.08.23,,,,,,,,8,,,,,,,,,,,,,,,,,,,,,,,,,,,,,,,,40,41,,,,,46,47,,,,,,,3,,,,,,,,11,
Fr.,25.08.23,,2,,,5,,,,,,11,,,,,,,,,,,,,,,,27,,,,,,,,,,,38,,,,,,,,,,,,,,,,,,,,,,,10,,12
Di.,29.08.23,,,,,,,,,,,,,,14,,,,18,,20,,,,,,,,,,,,,,,,,,,39,,,42,,,,,,,,,,,,,,,6,,,9,,,
Fr.,01.09.23,1,,,,,,,,,,,,13,,,16,,,,,,,23,,,,27,,,,,,,,,,,,,,,,,,,,,,,,,,,,,,,,,,10,11,
Di.,05.09.23,,,,,,,,,9,,11,,13,,15,,,,,,,,,,25,,,,,,,,,,,,,,,,,,,,,,,,,,,,,,4,,,,,9,,,
Fr.,08.09.23,,,,,,,,,,,,,,,,,,,,,21,,,,,,,,29,,31,,,,,,,,,,,,,,,46,,,49,,,,,,,5,6,,,,,,
Di.,12.09.23,,,,,5,,,,,,,,13,,,,,,,,,,,,,,,,,,,,,,,,,,,,,,43,,45,,,,,50,,1,,,,,,,,,10,,
Fr.,15.09.23,,,3,,,,,8,,10,,,,,,,,,,,,,,,,,,,,,31,,,,,36,,,,,,,,,,,,,,,,,2,3,,,,,,,,,
Di.,19.09.23,,,,,,,,8,,,,,,,,,,18,,,,,,,,26,,,,,,,,,,,,38,39,,,,,,,,,,,,,,,,4,,,,,,,,12
Fr.,22.09.23,,,,,,,,,,,,,,14,,,,,,,,,,24,,,,,,,31,,,,,,,,,,,,,44,45,,,,,,,,,,,,,7,,,,11,
Di.,26.09.23,,,,,,,,,,,,,,,,,,,,,,,23,24,,,,,,,,,,,,,,38,,,,42,,44,,,,,,,,1,,,,,,,,,10,,
Fr.,29.09.23,,,,,,,,,,,,,,14,,,,,,,,,,24,,,,,29,,,,,,,,,,,,,,,,45,,,48,,,,,,3,,,,,,9,,,
Di.,03.10.23,,,,,,,,,,,,,13,,,,,,,,,,,,,,,28,29,,31,,,,,,,,,,,,,,,,47,,,,,,,,,,,,8,9,,,
Fr.,06.10.23,,,,,,,,,,,,,,,,,17,18,,,,,,,,,,,,,,,,,,,,,,40,,,43,,,,,,,50,,,,,,,,,,9,,11,
Di.,10.10.23,,,,,,,7,8,,,,12,,,,,,,,,21,,,,,,,,,,,,,,,,,,,,,,43,,,,,,,,,,,,4,,,,,,,11,
Fr.,13.10.23,,,,,,,,,,,,,,,,16,,,,,,,23,,,,,,,30,,,,,,,37,,,,41,,,,,,,,,,,,2,,,,,,,9,,,
Di.,17.10.23,,,,,,6,,8,,,,,,,,,,,,,,,,,,,,,,,,,,,,,,,,,,42,,,,,,,49,50,,,,3,,5,,,,,,,
Fr.,20.10.23,,,,,,,,,,,11,,,,,16,,,,,,22,,,,,,,,,,,,34,,,,,,,,,,,,46,,,,,,,2,,,5,,,,,,,
Di.,24.10.23,,,,,5,,,,,,,,,14,,,,,,,,,,,,,,,,,,,,,35,,,,,40,,,,,,,47,,,,,1,,3,,,,,,,,,
Fr.,27.10.23,,,,,,6,,,,,,,13,,15,,,,,20,,,,,,,,,,,,,,,,,,,,40,,,,,,,,,,,,,2,,,,,,8,,,,
Di.,31.10.23,,,,,,6,,,,,,,,,15,,,,,,21,,,,,,,,,,,,,34,,,,,,,,,,,,,,48,,,,1,,,,5,,,,,,,
Fr.,03.11.23,,,,,,6,,,,,,,,,,,,,,,21,,23,,,,,,,,31,,,,,,,,39,,,,,,,,,,,,,1,,,,5,,,,,,,
Di.,07.11.23,,,,,,,,,,,,,,,,,,,,,,,,,,26,,,,,,,,,,36,,,,,,,43,,,,47,,49,,,,,,4,,,7,,,,,
Fr.,10.11.23,1,,,,,,,,,,,,,,,,17,,,,,22,,,,,,,29,,31,,,,,,,,,,,,,,,,,,,,,,,,,5,6,,,,,,
Di.,14.11.23,,,,,,,,,9,,,,,,,,,,,,,,,,,,,,,30,,,,34,,,,38,,,,,,,,,,48,,,,,2,3,,,,,,,,,
Fr.,17.11.23,,,,4,,,,,,,,,,14,15,,,,,20,,,,,,,,28,,,,,,,,,,,,,,,,,,,,,,,,,,,,,,7,,9,,,
Di.,21.11.23,,,,,,,,,9,,,,,,,,,,,20,21,22,,,,,,,,,,,,,,,,38,,,,,,,,,,,,,,,,3,,,,,,,,,12
Fr.,24.11.23,,,,,,,,,,,,,,,,16,,,,,,,,,,,27,,,,,,33,34,,,,,39,,,,,,,,,,,,,,2,,,,,7,,,,,
Di.,28.11.23,,,,,,,,,,,11,12,13,,,,,,,,,,23,,,,,,,,,,,,,36,,,,,,,,,,,,,,,,,,3,,,,,8,,,,
Fr.,01.12.23,,,,,,,,,,,,,,,,,,,,,,,23,,,,,,,,,32,,,,,,38,,,,,,,45,,,,49,,,1,,,,,,,,9,,,
Di.,05.12.23,,,,,,6,,,,,11,,,,,16,,,,,,,,,,26,,,,,,,,,,,,,,,,,,,,,,,49,,,,2,,,,,,,9,,,
Fr.,08.12.23,,2,,,,,,8,,,,,,,,,,,,,,,,,,,,28,,,,32,,,,,37,,,,,,,,,,,,,,,,,3,,,6,,,,,,
Di.,12.12.23,,2,,,,,,8,,,,,,,,,,,,20,,,,,,,,,,,,,,34,,,,,,40,,,,,,,,,,,,,,,,,,,,9,,,12
Fr.,15.12.23,,,,,,,7,,,,,,,,15,,17,18,,,,,,,,,,,,,,,,,,,,,39,,,,,,,,,,,,,1,,,,,,,,,10,,
Di.,19.12.23,,,,4,,6,,,,,,,,,,,17,,,,,,,,,,,,,,31,,,,,,,,,,,,,,45,,,,,,,,,,,,6,,,,,,12
Fr.,22.12.23,,,,4,,6,,,,,,12,,,,,,,,,,,,,,,,,,,31,,,,,,,38,,,,,,,,,,,,,,,2,,,,,,,,,,12
Di.,26.12.23,,,,4,,,,,,,,,13,,,16,,,,,,22,,,,,27,,,,,,,,,,,,,,,,,,,,,,,,,1,,,,,,,,,10,,
Fr.,29.12.23,,2,,,,,,,,,,,,,,,,,,,21,,,,,,,,,,,,,34,,,,,,40,,,,,,,,48,,,,,2,,,,6,,,,,,
Di.,02.01.24,,,,,,,,,,,,,,,,,,,19,,,,,,,26,,,,,,,,,,36,,,,,,,,,,,,48,49,,,,,,,,,,,,10,11,
Fr.,05.01.24,,,,,,,,,,,11,,,,,,,,,,,,,,,,,,,30,,32,,,,,,,,,,,,,45,,47,,,,,,,3,,,,,,,10,,
Di.,09.01.24,,,,,,,,,9,,,12,,,,,,,,,,,,,,26,,,,,,,,,,,,,,,41,,,,,,47,,,,,,,,,,,7,,,10,,
Fr.,12.01.24,,,3,,,,,,,,,,,,,,,,,,,,,,,,,,,,31,,,34,,,,,,,,,43,,45,,,,,,,,,,,,6,,,9,,,
Di.,16.01.24,,,,,,6,,,,,,,,,,,,,19,,,,,,,,,,,,,32,,,,,,,39,,,42,,,,,,,,,,,,,4,,,,,9,,,
Fr.,19.01.24,,,,,,,,,,10,,12,,,,,,18,,,,,,,,,,,,,,,33,,,,,,,,,,,,,,47,,,,,,,,,,,7,,,10,,
Di.,23.01.24,,,,,,,,,9,,,,,,,,,18,,20,,,,,,,,,,,,32,,,,,,,39,,,,,,,,,,,,,,,,,5,,,8,,,,
Fr.,26.01.24,,,,,,,,,,,,,,,,,,18,,,,,23,,,,,,,,,,,,35,,37,,,,41,,,,,,,,,,,,,,,,6,7,,,,,
Di.,30.01.24,,,,,,,,,,10,,12,,,15,,,,,,,,,,,,,,,,,,,,,,,,,,,,,,,46,,48,,,,,,,,,,,,9,,11,
Fr.,02.02.24,,,,,,,,,,,,,13,,,,17,,,,21,,,,,,,,,30,,,,,,,,,39,,,,,,,,,,,,,,,,,,,,8,,,11,
Di.,06.02.24,,,,,,,,,,,,,,,,16,,,19,20,,,,,,26,,,,,,,,,,,,,,,,,,44,,,,,,,,1,,,4,,,,,,,,
Fr.,09.02.24,,,,4,,,,,,10,11,,,,,,,,,20,,22,,,,,,,,,,,,,,,,,,,,,,,,,,,,,,,,,,,,7,,,10,,
Di.,13.02.24,,,,,,,7,,,,,,,,,,,,,20,,22,,,,,,,,,,,,,,,,,,,,,,,45,,,48,,,,,,,,,,,,,10,,12
Fr.,16.02.24,,,,,,,7,,,,11,,,,,,17,18,,,,,,,,,,,,,,,,34,,,,,,,,,,,,,,,,,,,,3,,5,,,,,,,
Di.,20.02.24,1,,3,,,,,,,,11,,,,15,,,,,,,,,,,,,,,30,,,,,,,,,,,,,,,,,,,,,,,,,4,,,,,,10,,
Fr.,23.02.24,,,,,,,,,,10,,,,,,,,,19,,,22,,,,,,,,,,,,,,,37,,,,41,,,,,,,,,,,,2,,,,6,,,,,,
Di.,27.02.24,,,,,,,,,,,,,,,15,,17,,,,,,,,,,,,,30,,,,,,,,38,,,,,,,,,,,49,,,1,,,,,,,,,,11,
Fr.,01.03.24,,,,,,,,,,,,,13,,,,,,,,,,,,,26,,,,30,,,,34,,,,,,,41,,,,,,,,,,,,,3,,,,7,,,,,
Di.,05.03.24,,2,,,,,,,,,,,,,,,,,,20,,,,,,,,,,30,31,,,,,,,,,40,,,,,,,,,,,,,,,,,,,8,,,,12
Fr.,08.03.24,,2,,,,,,,,,11,,,,,,17,,,,,,23,,,,,,,,,,,,,,,,,,,,,,,,,,49,,,,,,4,,,,,,,,12
Di.,12.03.24,,2,,,,,,8,,,11,,,,,16,,,,20,,,,,,,,,,,,,,,,,,,,,,,,,,,,,,,,,,,4,,,,,,10,,
Fr.,15.03.24,,,,,,,,,,,,,,,,16,,,,20,,,,,25,,,,,30,,,,,,,,,,,,,,,,,,,49,,,,,3,,,,,,,10,,
Di.,19.03.24,1,,,,,,,,,,,,,,,,,,,20,,,,,,,,28,,,,32,,,,,,,,,,,,,,,,,49,,,,,3,,,,,,,10,,
Fr.,22.03.24,,,,,5,,,,,,,,,,,,17,,,,,,,,,,,,,,,,,,,36,37,,,,,,,,,,,,,50,,,,3,,,,7,,,,,
Di.,26.03.24,,,,,,,,,,,,12,,,15,,17,,,,,,,,,,,,,30,,32,,,,,,,,,,,,,,,,,,,,1,,,,,6,,,,,,
Fr.,29.03.24,,,,,,,7,,,,11,,,,,,,,,,,,,,,,,,,30,31,,,,,,,,39,,,,,,,,,,,,,,,,,5,,,,,10,,
Di.,02.04.24,,,,,,,,,,,,,,14,,,17,,,,,,,,,,,,29,,,32,,,,,,,,,,,,,45,,,,,,,1,2,,,,,,,,,,
Fr.,05.04.24,,,,,5,,,8,,,,,,,,16,,,,,,,,,,,,,,30,,,,,,,37,,,,,,,,,,,,,,,1,,,,,,,,,10,,
Di.,09.04.24,1,,,,,,7,,,,,,,,,,,,,,21,,,,,,27,,,,,,,,,,,,,,,,43,,,,,,,,,1,,3,,,,,,,,,
Fr.,12.04.24,1,,,,,,,,,,,,,,,,,,,,,,,,,,,,,,,,,34,,,,,39,,,,,,,,47,,49,,,1,,,,,,,,,,,12
Di.,16.04.24,,,,,,,,,,,,,,,,,,,,,,,,,,,,,,,,,,,35,36,37,,,,41,,,,,,,48,,,,1,,,,,,,,,,,12
Fr.,19.04.24,,,,,,,,8,,,,,,14,,,,,,,21,,,,,,,,,,,,,34,,36,,,,,,,,,,,,,,,,1,2,,,,,,,,,,
Di.,23.04.24,,2,3,,,6,,,,,,,,,15,,,,,,,,,,,,,,,,,,,,35,,,,,,,,,,,,,,,,,1,,3,,,,,,,,,
Fr.,26.04.24,,,3,,,,,,,,,,,,,,,18,,,,,23,,,,,,29,,,,,,,,,,,,,,,,,,47,,,,,,,,,5,,,,,,,12
Di.,30.04.24,,,,4,,,,,,,,,,,,,,,,20,,,,,,,,,,,,,33,,,,37,,,,,,,,45,,,,,,,,,,,,,,8,9,,,
Fr.,03.05.24,,,,,,,,,9,,,,,,,,17,,,,,,,,,,,,,,,,,,,36,,,,40,,,,,45,,,,,,,,,,,5,,7,,,,,
Di.,07.05.24,,,3,,,,,,,,11,,,,,,,,,,,,,,,,,,,,,32,33,,35,,,,,,,,,,,,,,,,,,,3,,,,,,,,11,
Fr.,10.05.24,,,,,,,,,,,,,,,,,,,,,,,,,,,,28,,,31,,,,,,,,39,,,,,,45,,,,49,,,,,,,,,,8,,,11,
Di.,14.05.24,,,,,,,,,,,,,,,,,,,19,,,22,23,24,,,27,,,,,,,,,,,,,,,,,,,,,,,,,1,,,,,6,,,,,,
Fr.,17.05.24,1,2,,,,,,,,,,,,,,,,,,,,,,,,,,,29,,,,,,,36,,,,,,,,,,,,48,,,,1,,,,,,,,,,11,
Di.,21.05.24,,,,,,,7,,,,,,,,,,,,,,,,23,,,,,,,,31,,33,,,,,38,,,,,,,,,,,,,,,,,,,,,,,10,11,
Fr.,24.05.24,,2,3,4,,,,,,,,,,,,,,,,,21,,,,,,,,,,,,,,,,,,,,,,,,45,,,,,,,,,,,,6,,,,,,12
Di.,28.05.24,,,,,,,,,,,,,13,,,,,,,,,,,,,26,27,,,,,,,,35,,,,,,,,,,,46,,,,,,,,3,4,,,,,,,,
Fr.,31.05.24,,,,4,,,,,,,,,,,,,,,,,,,23,,,,,,,,,,,34,,,,,39,,,,,,45,,,,,,,,,,,,6,7,,,,,
Di.,04.06.24,1,,3,,,,,,,,,,,,,,,,,,,,,24,,,,,,,,,,,,,,,,,,,43,,,,,,49,,,,2,,4,,,,,,,,
Fr.,07.06.24,,,,,,,,8,,,,,,,15,,,,,,,,,,,,,,29,,,,,,,,37,,,,,,,,45,,,,,,,,,,,5,,,,,10,,
Di.,11.06.24,,,,4,,,,,,,,12,,,,16,,,,,,,,,,,,,29,,31,,,,,,,,,,,,,,,,,,,,,1,,,,,,,,9,,,
Fr.,14.06.24,,,,,,,,,,10,,,,,,,,,,,21,,,,,,27,,,,,,,,,,,,,,,42,,,,46,,,,,,,2,,,,6,,,,,,
Di.,18.06.24,,,,4,,,,,,10,,,,,,,,,,,,,23,24,,,,,,,,,,,,,,,,,,,,,45,,,,,,,,,,,,,7,8,,,,
Fr.,21.06.24,,2,,,,,,,,,,,,,,,,,,,,22,,24,,,,,,30,,,,,,,,,,40,,,,,,,,,,,,,,,,5,6,,,,,,
Di.,25.06.24,,,,,,,,8,,,,,,14,,,,,,,,,,,25,,,,,,31,,,,,,,,,,,,,,45,,,,,,,,,3,,,,,,,,,12
Fr.,28.06.24,1,,,,,,,8,,,,,,,,,,,,,,,,,,,,,,30,,,,,,,,,,,,,43,,45,,,,,,,,,,,,,,,,10,,12
Di.,02.07.24,,,,,,,,,,10,,,,,,,,,,,,,,,,,,,29,30,,32,,,,,,,,40,,,,,,,,,,,,,,,,,6,,,,,,12
Fr.,05.07.24,,,,4,,,,,,,11,,,,,16,,,,,,,,,25,,,,,,,32,,,,,,,,,,,,,,,,,,,,1,,,,,,,,,,11,
Di.,09.07.24,,,,,5,,,,,,,,,14,,,,,,,,,,,25,26,,,,,,,,,,,,,,,,,,44,,,,,,,,,,,,,,,8,,10,,
Fr.,12.07.24,,2,,,,,,,,,,,,14,,,,,,,,,,,,,,,,30,,32,,34,,,,,,,,,,,,,,,,,,,,3,4,,,,,,,,
Di.,16.07.24,,,,,,,,8,,,,,,,,,,,,,,22,,,,,27,,,,,,,,,36,,,,,,,43,,,,,,,,,,,,,5,,,8,,,,
Fr.,19.07.24,,,,,,,,,,,,,13,,,,,18,,,,22,,,,26,,,,,,32,,,,,,,,,,,,,,,,,,,,,,,,,,,,,10,11,
Di.,23.07.24,,,,,,,,,9,,,,13,,,,,,,,21,,,24,,,,,,,,,,,,,,38,,,,,,,,,,,,,,,,,,,6,,,,,,12
Fr.,26.07.24,,,,,,,7,,,,11,,,,,,,,,,,22,,,,26,,,,,,,,,,,,,,,,,,,,46,,,,,,,,,,5,,,,,,11,
Di.,30.07.24,,2,,,,,,,,,,,,,,16,,,,,,,,,,,,,,30,31,,,,,,,,,,,,,,,,,,49,,,,2,,,5,,,,,,,
Fr.,02.08.24,,,,,,,,,,,,,,14,,,,,,20,,,,,,26,,,,30,31,,,,,,,,,,,,,,,,,,,,,1,2,,,,,,,,,,
Di.,06.08.24,,,,4,,,,,9,,,,,,,,,,,,,22,,,,,,,,,,32,,,35,,,,,,,,,,,,,,,,,,,,,,,,,9,10,,
Fr.,09.08.24,,,,,,,,,,,,,,,15,,,18,,,,,,,25,,,,29,,,,,,35,,,,,,,,,,,,,,,,,1,,,,5,,,,,,,
Di.,13.08.24,,,,,,6,,,9,,,,,,,,,,,,,,,,,,,,,,,,33,34,,,,,,,,,,,,,,,,50,,1,,,,,,7,,,,,
Fr.,16.08.24,,,,4,,,,,,,11,,,,,16,,,,,,,,,,,,,,,,,,,,,,,,,,,,,,46,,,,50,,1,,3,,,,,,,,,
Di.,20.08.24,,,,,,,,,,,,,,,,,,,,,,,,,25,,,28,29,,31,,33,,,,,,,,,,,,,,,,,,,,,,,,6,,,,,,12
Fr.,23.08.24,,,,,,,,,,,,,13,,,,,,,,21,22,,,,26,,,,,,,,,,,,,,,,,,,,,,48,,,,,2,,,,,7,,,,,
Di.,27.08.24,,,,,,,,,,,,,,,15,,,,,,,,,24,,,,,29,,,,33,,,,,,39,,,,,,,,,,,,,,2,,,,,,,9,,,
Fr.,30.08.24,,,,,,,,8,,,11,,,,,,,,,,,,,,25,,,,,,31,,,,,,,,,,,,,,,,,48,,,,,,,,,,,,,,11,12
Di.,03.09.24,,,,,5,,,,,,,,,,,,17,,,,,,23,,,,,,,,,,,,,36,37,,,,,,,,,,,,,,,,,,,5,,,,9,,,
Fr.,06.09.24,,,,,,,7,,,,11,,,,,,,,,,,,,,,,27,,,,,,,,,,,,,,,42,,,45,,,,,,,,,3,,,,,,,10,,
Di.,10.09.24,,,,,,,7,,,10,,,,,,,,,,,,,,,,,,,,,31,,,,,,,,,,41,,,,,46,,,,,,1,,,,5,,,,,,,
Fr.,13.09.24,,2,3,,,,,,,,,,,,,,17,,,,,,,,,,,,,,,,,,,,,,,40,,,,44,,,,,,,,,,,4,,,,8,,,,
Di.,17.09.24,1,,3,,,,,,,,,,13,,,,,,,,,,,24,,,,,,,,,,,,,,,,,,,,44,,,,,,,,,,,,,,,,,,11,12
Fr.,20.09.24,,,,,,,,,9,,,,,,,,17,,19,,,,,,,26,,,,,,,,,,,,,39,,,,,,,,,,,,,,,,4,,,,,,10,,
Di.,24.09.24,,,3,,,,,,,,,,13,,,,,,,,,,,,,,,,,,,,,34,,,,,,,41,,43,,,,,,,,,1,,,,5,,,,,,,
Fr.,27.09.24,,,,,,6,,,,,,,,,15,,,,,,,,,,25,,,,29,,,,,,,,,,,,41,,,,,,,,,,,1,,3,,,,,,,,,
Di.,01.10.24,,,,,,,,,,,,,,,,,17,,,,,,,,,,,,,,,,,,,,37,,,,,42,,,45,,,,,50,,,,,,,6,7,,,,,
Fr.,04.10.24,,,,4,,,,,,,,,,,,16,,,,,,,,,,,27,,,,,,,34,,,,,,,,,,44,,,,,,,,,,,4,,,7,,,,,
Di.,08.10.24,,,,,,,,,,,,,13,,,,,,,,,,,,,,,,29,,,,,,,,,,,,,42,,44,,,,48,,,,,2,,,,,,8,,,,
Fr.,11.10.24,,,,,,,,8,,,11,,,,,,,,,,,,23,,,,,,,,,,,,,,,,,,,,,44,45,,,,,,,,,,,,,,,,10,,12
Di.,15.10.24,,,,,,,,,9,,,,,,,,,,,20,,,,,,,,,,,,,,,,,,38,,,,,,44,45,,,,,,,,,,4,,,,,,,,12
Fr.,18.10.24,,2,,4,,,,,,,,,,,,,,,,,,,23,,,,,,,30,,,,,,,,,,40,,,,,,,,,,,,,,,4,,,,,,10,,
Di.,22.10.24,,,,4,,,,,,,,,,,,,,,,,,,,,,,,,,,,32,,,,36,,38,,,,,,,,,47,,,,,,,3,,,,,,9,,,
Fr.,25.10.24,,2,,,,,,,,,,,,,,,,,19,,,,,,,,,,,,,,,,,36,,,,,,42,,,,,,,,50,,,,,4,,,,,9,,,
Di.,29.10.24,,,3,,,,,,,,,,,,,,17,,,,,,,,,26,,,,30,,,,,,,,,,,,,,,,,,,49,,,1,,,,,,,,,10,,
Fr.,01.11.24,,,,,,,,,,,,,13,,,,,,,,21,,,,,,27,28,,,,,,,,,,,,,41,,,,,,,,,,,1,,3,,,,,,,,,
Di.,05.11.24,,,,,,,,,,,,,,,,,,,,,,22,,,,,,,29,,,,,,,36,,38,,,,,43,,,,,,,,,1,,,,,6,,,,,,
Fr.,08.11.24,,,,,,6,,,,,,,,,,,,,,,,,23,,,,,,,,,,,,,,,38,,,,42,,,45,,,,,,,,,,,,,,,9,,,12
Di.,12.11.24,,2,3,,,,,,,,,,,,,,,,,,,,,,,,,,,,,,,34,,,,38,,,,,,,,,,,49,,,,,,,,,,,,10,11,
Fr.,15.11.24,,,,,,,,,,,,,,,,,,,,,,,,,,,27,,,,31,,,,35,,,,,,,,,,,46,,,,50,,,,3,,,,,,,10,,
Di.,19.11.24,,,,4,,,7,,,,,,,,,,,,19,,,,,,,26,27,,,,,,,,,,,,,,,,,,,,,,,,,,,,4,5,,,,,,,
Fr.,22.11.24,,,,,,6,,,,10,,,,,,,,,,,,,,,,,,,,30,,,,34,,,,,,,41,,,,,,,,,,,,,,,,,7,,,10,,
Di.,26.11.24,,,,,,,,,,,,,,,,,,,,20,21,,,,,,,28,,,,32,,,,,37,,,,,,,,,,,,,,,1,,,,5,,,,,,,
Fr.,29.11.24,,,,,,,,,,10,,,,,,,,,19,,,,,24,25,,,,,,,,,,,,,,,40,,,,,,,,,,,,,,,,5,,,,9,,,
Di.,03.12.24,,,,,,,7,,,,,,,,,,,,,20,,,23,24,,,,,,,,,,,,,37,,,,,,,,,,,,,,,,,,4,,,,,,10,,
,,,,,,,,,,,,,,,,,,,,,,,,,,,,,,,,,,,,,,,,,,,,,,,,,,,,,,,,,,,,,,,,
,,,,,,,,,,,,,,,,,,,,,,,,,,,,,,https://lotto-datenbank.de/,,,,,,,,,,,,,,,,,,,,,,,,,,,,,,,,,,
